,source,target
0,3575,3437
1,3575,3672
2,3575,3872
3,3864,3437
4,3864,3502
5,3864,3669
6,3864,3700
7,3864,3813
8,3864,3830
9,3864,3911
10,3516,3437
11,3516,3479
12,3516,3481
13,3516,3523
14,3516,3562
15,3516,3581
16,3516,3613
17,3516,3639
18,3516,3649
19,3516,3695
20,3516,3830
21,3516,3883
22,3516,3898
23,3516,3919
24,3717,3437
25,3717,3744
26,3717,3830
27,3749,3437
28,3749,3720
29,3749,3751
30,3749,3789
31,3749,3918
32,3749,3923
33,3621,857
34,3621,862
35,3621,3437
36,3621,3454
37,3621,3495
38,3621,3684
39,3621,3689
40,3621,3721
41,3621,3797
42,3621,3861
43,3621,3902
44,3442,3437
45,3442,3455
46,3442,3470
47,3442,3472
48,3442,3505
49,3442,3508
50,3442,3521
51,3442,3526
52,3442,3553
53,3442,3590
54,3442,3597
55,3442,3599
56,3442,3608
57,3442,3615
58,3442,3629
59,3442,3636
60,3442,3644
61,3442,3663
62,3442,3678
63,3442,3685
64,3442,3698
65,3442,3705
66,3442,3710
67,3442,3713
68,3442,3715
69,3442,3722
70,3442,3728
71,3442,3735
72,3442,3740
73,3442,3753
74,3442,3773
75,3442,3778
76,3442,3791
77,3442,3802
78,3442,3835
79,3442,3850
80,3442,3865
81,3442,3867
82,3442,3876
83,3442,3907
84,3442,3918
85,3442,3921
86,3442,3936
87,3442,3941
88,3442,3977
89,3967,3437
90,3967,3474
91,3967,3478
92,3967,3500
93,3967,3587
94,3967,3641
95,3967,3655
96,3967,3696
97,3967,3747
98,3967,3776
99,3967,3791
100,3967,3914
101,3967,3920
102,3967,3933
103,3967,3960
104,3967,3964
105,3886,1085
106,3886,3437
107,3886,3440
108,3886,3455
109,3886,3525
110,3886,3540
111,3886,3552
112,3886,3563
113,3886,3577
114,3886,3609
115,3886,3625
116,3886,3651
117,3886,3656
118,3886,3667
119,3886,3674
120,3886,3683
121,3886,3684
122,3886,3692
123,3886,3756
124,3886,3797
125,3886,3830
126,3886,3842
127,3886,3852
128,3886,3873
129,3886,3877
130,3886,3948
131,3886,3962
132,3886,3968
133,3886,3971
134,3665,3437
135,3665,3489
136,3665,3652
137,3665,3676
138,3665,3825
139,3665,3931
140,3626,857
141,3626,3437
142,3626,3504
143,3626,3592
144,3626,3839
145,3626,3847
146,3626,3916
147,3626,3979
148,3606,3437
149,3606,3536
150,3606,3662
151,3606,3727
152,3606,3745
153,3483,3437
154,3483,3499
155,3483,3524
156,3483,3617
157,3483,3690
158,3483,3724
159,3483,3754
160,3483,3782
161,3483,3793
162,3483,3821
163,3483,3878
164,3483,3895
165,3483,3937
166,3724,3437
167,3724,3464
168,3724,3511
169,3724,3539
170,3724,3617
171,3926,3437
172,3926,3462
173,3926,3475
174,3926,3488
175,3926,3497
176,3926,3514
177,3926,3527
178,3926,3528
179,3926,3542
180,3926,3545
181,3926,3559
182,3926,3576
183,3926,3596
184,3926,3604
185,3926,3605
186,3926,3611
187,3926,3635
188,3926,3640
189,3926,3672
190,3926,3684
191,3926,3687
192,3926,3703
193,3926,3730
194,3926,3731
195,3926,3755
196,3926,3790
197,3926,3800
198,3926,3804
199,3926,3824
200,3926,3830
201,3926,3838
202,3926,3852
203,3926,3858
204,3926,3884
205,3926,3891
206,3926,3902
207,3926,3930
208,3926,3934
209,3926,3938
210,3926,3943
211,3926,3966
212,3926,3968
213,3926,3971
214,3558,3437
215,3558,3463
216,3558,3493
217,3558,3506
218,3558,3568
219,3558,3584
220,3558,3593
221,3558,3620
222,3558,3643
223,3558,3646
224,3558,3648
225,3558,3711
226,3558,3719
227,3558,3738
228,3558,3758
229,3558,3768
230,3558,3782
231,3558,3786
232,3558,3792
233,3558,3793
234,3558,3794
235,3558,3810
236,3558,3826
237,3558,3829
238,3558,3855
239,3558,3866
240,3558,3869
241,3558,3870
242,3558,3881
243,3558,3903
244,3558,3906
245,3558,3909
246,3558,3924
247,3558,3945
248,3558,3947
249,3558,3951
250,3558,3958
251,3558,3969
252,3677,862
253,3677,1085
254,3677,3437
255,3677,3438
256,3677,3448
257,3677,3449
258,3677,3454
259,3677,3456
260,3677,3480
261,3677,3496
262,3677,3501
263,3677,3504
264,3677,3517
265,3677,3522
266,3677,3525
267,3677,3540
268,3677,3545
269,3677,3547
270,3677,3577
271,3677,3586
272,3677,3592
273,3677,3596
274,3677,3604
275,3677,3625
276,3677,3633
277,3677,3651
278,3677,3656
279,3677,3674
280,3677,3684
281,3677,3692
282,3677,3693
283,3677,3697
284,3677,3712
285,3677,3734
286,3677,3756
287,3677,3788
288,3677,3797
289,3677,3800
290,3677,3828
291,3677,3839
292,3677,3841
293,3677,3847
294,3677,3851
295,3677,3888
296,3677,3930
297,3677,3938
298,3677,3943
299,3677,3948
300,3677,3962
301,3677,3968
302,3541,3437
303,3541,3473
304,3541,3538
305,3541,3595
306,3541,3628
307,3541,3657
308,3541,3725
309,3541,3743
310,3541,3868
311,3541,3874
312,3541,3892
313,3541,3912
314,3448,3437
315,3448,3438
316,3448,3449
317,3448,3456
318,3448,3471
319,3448,3475
320,3448,3485
321,3448,3491
322,3448,3495
323,3448,3501
324,3448,3527
325,3448,3540
326,3448,3545
327,3448,3577
328,3448,3586
329,3448,3596
330,3448,3604
331,3448,3609
332,3448,3611
333,3448,3633
334,3448,3640
335,3448,3642
336,3448,3684
337,3448,3693
338,3448,3697
339,3448,3734
340,3448,3737
341,3448,3756
342,3448,3779
343,3448,3797
344,3448,3800
345,3448,3804
346,3448,3828
347,3448,3830
348,3448,3838
349,3448,3841
350,3448,3845
351,3448,3851
352,3448,3860
353,3448,3889
354,3448,3930
355,3448,3938
356,3448,3943
357,3448,3944
358,3448,3948
359,3448,3966
360,3710,3437
361,3710,3455
362,3710,3470
363,3710,3521
364,3710,3553
365,3710,3590
366,3710,3599
367,3710,3608
368,3710,3629
369,3710,3636
370,3710,3663
371,3710,3666
372,3710,3713
373,3710,3715
374,3710,3722
375,3710,3728
376,3710,3735
377,3710,3740
378,3710,3753
379,3710,3769
380,3710,3835
381,3710,3862
382,3710,3867
383,3710,3907
384,3710,3921
385,3866,3437
386,3866,3468
387,3866,3511
388,3866,3524
389,3866,3535
390,3866,3568
391,3866,3584
392,3866,3601
393,3866,3623
394,3866,3645
395,3866,3690
396,3866,3768
397,3866,3782
398,3866,3793
399,3866,3818
400,3866,3881
401,3866,3906
402,3866,3947
403,3814,3437
404,3814,3446
405,3814,3490
406,3814,3549
407,3814,3624
408,3814,3662
409,3814,3682
410,3814,3949
411,3504,3437
412,3504,3487
413,3504,3530
414,3504,3551
415,3504,3723
416,3504,3839
417,3555,3437
418,3555,3463
419,3555,3506
420,3555,3507
421,3555,3511
422,3555,3515
423,3555,3584
424,3555,3591
425,3555,3593
426,3555,3600
427,3555,3604
428,3555,3617
429,3555,3754
430,3555,3758
431,3555,3767
432,3555,3777
433,3555,3803
434,3555,3810
435,3555,3829
436,3555,3956
437,3908,3437
438,3908,3495
439,3908,3548
440,3908,3661
441,3908,3842
442,3908,3880
443,3908,3897
444,3795,3437
445,3795,3533
446,3795,3750
447,3795,3830
448,3795,3929
449,3876,3437
450,3876,3455
451,3876,3470
452,3876,3521
453,3876,3629
454,3876,3722
455,3876,3753
456,3876,3778
457,3759,3437
458,3759,3465
459,3759,3476
460,3759,3519
461,3759,3571
462,3759,3579
463,3759,3612
464,3759,3675
465,3759,3701
466,3759,3705
467,3759,3708
468,3759,3757
469,3759,3774
470,3759,3836
471,3759,3837
472,3759,3918
473,3759,3957
474,3759,3965
475,3759,3975
476,3705,3437
477,3705,3463
478,3705,3486
479,3705,3494
480,3705,3498
481,3705,3519
482,3705,3521
483,3705,3534
484,3705,3553
485,3705,3569
486,3705,3572
487,3705,3590
488,3705,3599
489,3705,3608
490,3705,3615
491,3705,3629
492,3705,3636
493,3705,3706
494,3705,3713
495,3705,3714
496,3705,3722
497,3705,3740
498,3705,3763
499,3705,3793
500,3705,3794
501,3705,3802
502,3705,3818
503,3705,3822
504,3705,3826
505,3705,3835
506,3705,3867
507,3705,3869
508,3705,3906
509,3705,3907
510,3705,3921
511,3705,3924
512,3567,3437
513,3567,3473
514,3567,3538
515,3567,3595
516,3567,3628
517,3567,3657
518,3567,3725
519,3567,3739
520,3567,3743
521,3567,3857
522,3567,3868
523,3567,3874
524,3567,3912
525,3567,3917
526,3755,3437
527,3755,3440
528,3755,3545
529,3755,3654
530,3755,3703
531,3755,3830
532,3755,3971
533,3579,3437
534,3579,3465
535,3579,3476
536,3579,3519
537,3579,3571
538,3579,3675
539,3579,3701
540,3579,3708
541,3579,3757
542,3579,3774
543,3579,3836
544,3579,3837
545,3579,3918
546,3579,3957
547,3579,3975
548,3868,3437
549,3868,3445
550,3868,3473
551,3868,3538
552,3868,3595
553,3868,3628
554,3868,3657
555,3868,3725
556,3868,3739
557,3868,3743
558,3868,3819
559,3868,3857
560,3868,3874
561,3868,3892
562,3868,3912
563,3868,3917
564,3798,3437
565,3770,3437
566,3770,3459
567,3770,3511
568,3770,3524
569,3770,3534
570,3770,3602
571,3770,3604
572,3770,3671
573,3770,3719
574,3770,3768
575,3657,3437
576,3657,3538
577,3657,3595
578,3657,3628
579,3657,3725
580,3657,3739
581,3657,3743
582,3657,3819
583,3657,3857
584,3657,3892
585,3591,3437
586,3591,3463
587,3591,3486
588,3591,3506
589,3591,3569
590,3591,3593
591,3591,3680
592,3591,3706
593,3591,3714
594,3591,3793
595,3591,3794
596,3591,3822
597,3591,3826
598,3591,3833
599,3591,3855
600,3591,3900
601,3591,3924
602,3591,3951
603,3540,1085
604,3540,3437
605,3540,3438
606,3540,3440
607,3540,3471
608,3540,3480
609,3540,3491
610,3540,3525
611,3540,3556
612,3540,3563
613,3540,3596
614,3540,3618
615,3540,3656
616,3540,3667
617,3540,3674
618,3540,3684
619,3540,3692
620,3540,3693
621,3540,3734
622,3540,3750
623,3540,3760
624,3540,3780
625,3540,3797
626,3540,3830
627,3540,3841
628,3540,3842
629,3540,3851
630,3540,3962
631,3540,3966
632,3540,3968
633,3540,3971
634,3556,1085
635,3556,3437
636,3556,3492
637,3556,3521
638,3556,3611
639,3556,3625
640,3556,3684
641,3556,3688
642,3556,3693
643,3556,3817
644,3556,3851
645,3556,3971
646,3723,3437
647,3723,3487
648,3723,3530
649,3723,3551
650,3723,3566
651,3723,3961
652,3933,3437
653,3933,3478
654,3933,3500
655,3933,3508
656,3933,3587
657,3933,3607
658,3933,3641
659,3933,3655
660,3933,3664
661,3933,3696
662,3933,3747
663,3933,3766
664,3933,3776
665,3933,3783
666,3933,3791
667,3933,3809
668,3933,3821
669,3933,3901
670,3933,3920
671,3933,3960
672,3933,3964
673,3703,3437
674,3703,3440
675,3703,3456
676,3703,3457
677,3703,3545
678,3703,3654
679,3703,3830
680,3703,3831
681,3703,3842
682,3703,3902
683,3703,3938
684,3703,3968
685,3703,3971
686,3499,3437
687,3499,3532
688,3499,3534
689,3499,3535
690,3499,3564
691,3499,3617
692,3499,3671
693,3499,3680
694,3499,3690
695,3499,3719
696,3499,3758
697,3499,3764
698,3499,3793
699,3499,3821
700,3499,3825
701,3499,3829
702,3499,3834
703,3499,3843
704,3499,3881
705,3499,3947
706,3765,3437
707,3765,3586
708,3765,3830
709,3765,3930
710,3609,862
711,3609,1085
712,3609,3437
713,3609,3449
714,3609,3456
715,3609,3495
716,3609,3501
717,3609,3577
718,3609,3618
719,3609,3633
720,3609,3692
721,3609,3721
722,3609,3741
723,3609,3750
724,3609,3756
725,3609,3779
726,3609,3797
727,3609,3830
728,3609,3851
729,3609,3877
730,3609,3938
731,3609,3943
732,3609,3948
733,3609,3962
734,3609,3968
735,3485,3437
736,3485,3471
737,3485,3475
738,3485,3488
739,3485,3514
740,3485,3518
741,3485,3528
742,3485,3559
743,3485,3611
744,3485,3627
745,3485,3681
746,3485,3790
747,3485,3804
748,3485,3817
749,3485,3838
750,3485,3845
751,3485,3930
752,3485,3966
753,3826,3437
754,3826,3463
755,3826,3468
756,3826,3486
757,3826,3506
758,3826,3509
759,3826,3569
760,3826,3584
761,3826,3643
762,3826,3680
763,3826,3711
764,3826,3718
765,3826,3793
766,3826,3794
767,3826,3822
768,3826,3833
769,3826,3869
770,3826,3870
771,3826,3890
772,3826,3896
773,3826,3900
774,3826,3906
775,3826,3909
776,3826,3924
777,3826,3947
778,3826,3951
779,3826,3958
780,3826,3969
781,3826,3976
782,3475,3437
783,3475,3471
784,3475,3484
785,3475,3488
786,3475,3501
787,3475,3526
788,3475,3543
789,3475,3545
790,3475,3586
791,3475,3611
792,3475,3642
793,3475,3672
794,3475,3684
795,3475,3702
796,3475,3828
797,3475,3838
798,3475,3842
799,3475,3845
800,3475,3851
801,3475,3852
802,3475,3873
803,3475,3877
804,3475,3902
805,3475,3930
806,3475,3938
807,3475,3940
808,3475,3948
809,3475,3966
810,3475,3971
811,3871,3437
812,3871,3473
813,3871,3538
814,3871,3628
815,3871,3725
816,3871,3739
817,3871,3743
818,3871,3917
819,3910,3437
820,3910,3701
821,3910,3774
822,3910,3836
823,3963,3437
824,3963,3546
825,3963,3679
826,3963,3806
827,3963,3894
828,3963,3939
829,3598,3437
830,3598,3472
831,3598,3482
832,3598,3505
833,3598,3508
834,3598,3521
835,3598,3553
836,3598,3685
837,3598,3698
838,3598,3850
839,3598,3936
840,3966,3437
841,3966,3452
842,3966,3462
843,3966,3471
844,3966,3488
845,3966,3491
846,3966,3497
847,3966,3514
848,3966,3527
849,3966,3542
850,3966,3545
851,3966,3573
852,3966,3576
853,3966,3596
854,3966,3604
855,3966,3611
856,3966,3658
857,3966,3672
858,3966,3684
859,3966,3687
860,3966,3702
861,3966,3731
862,3966,3737
863,3966,3741
864,3966,3780
865,3966,3785
866,3966,3824
867,3966,3828
868,3966,3830
869,3966,3838
870,3966,3842
871,3966,3845
872,3966,3851
873,3966,3852
874,3966,3860
875,3966,3873
876,3966,3877
877,3966,3891
878,3966,3902
879,3966,3938
880,3966,3940
881,3966,3971
882,3931,3437
883,3931,3460
884,3931,3463
885,3931,3510
886,3931,3532
887,3931,3568
888,3931,3583
889,3931,3593
890,3931,3617
891,3931,3622
892,3931,3680
893,3931,3764
894,3931,3782
895,3931,3793
896,3931,3821
897,3931,3825
898,3931,3869
899,3931,3887
900,3931,3906
901,3931,3909
902,3931,3947
903,3880,3437
904,3880,3454
905,3880,3495
906,3880,3596
907,3880,3605
908,3880,3619
909,3880,3670
910,3880,3830
911,3880,3970
912,3648,3437
913,3648,3458
914,3648,3493
915,3648,3506
916,3648,3511
917,3648,3593
918,3648,3620
919,3648,3631
920,3648,3643
921,3648,3646
922,3648,3706
923,3648,3711
924,3648,3719
925,3648,3758
926,3648,3763
927,3648,3792
928,3648,3810
929,3648,3816
930,3648,3903
931,3648,3924
932,868,857
933,868,862
934,868,865
935,3545,3437
936,3545,3438
937,3545,3440
938,3545,3449
939,3545,3450
940,3545,3452
941,3545,3456
942,3545,3471
943,3545,3480
944,3545,3488
945,3545,3491
946,3545,3495
947,3545,3497
948,3545,3501
949,3545,3514
950,3545,3518
951,3545,3527
952,3545,3528
953,3545,3542
954,3545,3557
955,3545,3559
956,3545,3576
957,3545,3577
958,3545,3578
959,3545,3586
960,3545,3596
961,3545,3604
962,3545,3605
963,3545,3611
964,3545,3627
965,3545,3633
966,3545,3640
967,3545,3642
968,3545,3651
969,3545,3654
970,3545,3672
971,3545,3674
972,3545,3681
973,3545,3684
974,3545,3687
975,3545,3697
976,3545,3702
977,3545,3722
978,3545,3730
979,3545,3731
980,3545,3734
981,3545,3737
982,3545,3756
983,3545,3785
984,3545,3788
985,3545,3790
986,3545,3800
987,3545,3804
988,3545,3824
989,3545,3828
990,3545,3830
991,3545,3831
992,3545,3838
993,3545,3841
994,3545,3842
995,3545,3845
996,3545,3851
997,3545,3852
998,3545,3858
999,3545,3860
1000,3545,3884
1001,3545,3889
1002,3545,3891
1003,3545,3902
1004,3545,3913
1005,3545,3930
1006,3545,3938
1007,3545,3943
1008,3545,3962
1009,3545,3968
1010,3545,3971
1011,3806,3437
1012,3806,3624
1013,3806,3679
1014,3806,3894
1015,3806,3905
1016,3655,3437
1017,3655,3478
1018,3655,3500
1019,3655,3587
1020,3655,3641
1021,3655,3696
1022,3655,3747
1023,3655,3776
1024,3655,3783
1025,3655,3791
1026,3655,3920
1027,3655,3960
1028,3655,3964
1029,3695,3437
1030,3695,3479
1031,3695,3481
1032,3695,3523
1033,3695,3562
1034,3695,3581
1035,3695,3594
1036,3695,3613
1037,3695,3639
1038,3695,3649
1039,3695,3830
1040,3695,3883
1041,3695,3898
1042,3695,3919
1043,3536,3437
1044,3536,3441
1045,3536,3549
1046,3536,3624
1047,3536,3662
1048,3536,3679
1049,3536,3682
1050,3536,3727
1051,3536,3812
1052,3536,3922
1053,3693,3437
1054,3693,3438
1055,3693,3449
1056,3693,3454
1057,3693,3456
1058,3693,3480
1059,3693,3491
1060,3693,3547
1061,3693,3577
1062,3693,3586
1063,3693,3596
1064,3693,3633
1065,3693,3674
1066,3693,3684
1067,3693,3692
1068,3693,3734
1069,3693,3756
1070,3693,3838
1071,3693,3841
1072,3693,3845
1073,3693,3851
1074,3693,3938
1075,3693,3948
1076,3693,3970
1077,3693,3971
1078,3761,3437
1079,3761,3460
1080,3761,3464
1081,3761,3466
1082,3761,3469
1083,3761,3474
1084,3761,3510
1085,3761,3529
1086,3761,3534
1087,3761,3554
1088,3761,3602
1089,3761,3634
1090,3761,3668
1091,3761,3738
1092,3761,3752
1093,3761,3758
1094,3761,3829
1095,3761,3915
1096,3761,3945
1097,3761,3956
1098,3761,3972
1099,3664,3437
1100,3664,3500
1101,3664,3537
1102,3664,3615
1103,3664,3696
1104,3664,3776
1105,3664,3901
1106,3664,3918
1107,3664,3960
1108,3639,3437
1109,3639,3479
1110,3639,3481
1111,3639,3523
1112,3639,3562
1113,3639,3613
1114,3639,3649
1115,3639,3830
1116,3639,3883
1117,3639,3898
1118,3775,3437
1119,3775,3454
1120,3775,3496
1121,3775,3544
1122,3775,3547
1123,3775,3660
1124,3775,3847
1125,3775,3895
1126,3775,3953
1127,3474,3437
1128,3474,3460
1129,3474,3464
1130,3474,3469
1131,3474,3554
1132,3474,3602
1133,3474,3604
1134,3474,3630
1135,3474,3634
1136,3474,3738
1137,3474,3764
1138,3474,3823
1139,3474,3829
1140,3474,3915
1141,3474,3945
1142,3474,3956
1143,3521,3437
1144,3521,3455
1145,3521,3470
1146,3521,3472
1147,3521,3482
1148,3521,3484
1149,3521,3492
1150,3521,3496
1151,3521,3498
1152,3521,3505
1153,3521,3508
1154,3521,3526
1155,3521,3550
1156,3521,3553
1157,3521,3573
1158,3521,3590
1159,3521,3592
1160,3521,3597
1161,3521,3608
1162,3521,3615
1163,3521,3618
1164,3521,3625
1165,3521,3629
1166,3521,3666
1167,3521,3672
1168,3521,3684
1169,3521,3685
1170,3521,3698
1171,3521,3713
1172,3521,3722
1173,3521,3728
1174,3521,3735
1175,3521,3740
1176,3521,3753
1177,3521,3769
1178,3521,3773
1179,3521,3778
1180,3521,3797
1181,3521,3802
1182,3521,3815
1183,3521,3827
1184,3521,3831
1185,3521,3835
1186,3521,3840
1187,3521,3842
1188,3521,3850
1189,3521,3867
1190,3521,3907
1191,3521,3921
1192,3521,3936
1193,3521,3948
1194,3521,3962
1195,3875,3437
1196,3875,3887
1197,3560,3437
1198,3560,3691
1199,3560,3830
1200,3623,3437
1201,3623,3468
1202,3623,3506
1203,3623,3524
1204,3623,3535
1205,3623,3568
1206,3623,3593
1207,3623,3601
1208,3623,3645
1209,3623,3758
1210,3623,3768
1211,3623,3782
1212,3623,3786
1213,3623,3793
1214,3623,3810
1215,3623,3818
1216,3623,3906
1217,3623,3947
1218,3627,3437
1219,3627,3488
1220,3627,3514
1221,3627,3528
1222,3627,3557
1223,3627,3559
1224,3627,3596
1225,3627,3604
1226,3627,3635
1227,3627,3640
1228,3627,3681
1229,3627,3702
1230,3627,3707
1231,3627,3730
1232,3627,3790
1233,3627,3804
1234,3627,3824
1235,3492,3437
1236,3492,3496
1237,3492,3684
1238,3492,3697
1239,3492,3756
1240,3492,3841
1241,3492,3930
1242,3852,3437
1243,3852,3471
1244,3852,3497
1245,3852,3542
1246,3852,3563
1247,3852,3573
1248,3852,3604
1249,3852,3611
1250,3852,3667
1251,3852,3672
1252,3852,3684
1253,3852,3741
1254,3852,3838
1255,3852,3873
1256,3852,3877
1257,3852,3902
1258,3852,3971
1259,3650,3437
1260,3663,3437
1261,3663,3455
1262,3663,3553
1263,3663,3590
1264,3663,3599
1265,3663,3713
1266,3663,3728
1267,3663,3735
1268,3663,3740
1269,3663,3862
1270,3663,3921
1271,3663,3977
1272,3784,3437
1273,3784,3438
1274,3784,3466
1275,3784,3506
1276,3784,3584
1277,3784,3711
1278,3784,3793
1279,3784,3833
1280,3784,3896
1281,3784,3906
1282,3784,3947
1283,3784,3973
1284,3782,3437
1285,3782,3459
1286,3782,3460
1287,3782,3468
1288,3782,3524
1289,3782,3535
1290,3782,3568
1291,3782,3584
1292,3782,3593
1293,3782,3601
1294,3782,3645
1295,3782,3690
1296,3782,3738
1297,3782,3758
1298,3782,3763
1299,3782,3767
1300,3782,3768
1301,3782,3786
1302,3782,3793
1303,3782,3810
1304,3782,3818
1305,3782,3836
1306,3782,3881
1307,3782,3906
1308,3782,3927
1309,3782,3945
1310,3782,3947
1311,3805,3437
1312,3805,3440
1313,3805,3449
1314,3805,3916
1315,3805,3950
1316,3950,3437
1317,3950,3522
1318,3950,3525
1319,3950,3547
1320,3950,3550
1321,3950,3610
1322,3950,3659
1323,3950,3750
1324,3950,3772
1325,3950,3796
1326,3950,3841
1327,3950,3872
1328,3950,3888
1329,3950,3916
1330,3950,3979
1331,3510,3437
1332,3510,3464
1333,3510,3466
1334,3510,3469
1335,3510,3529
1336,3510,3554
1337,3510,3602
1338,3510,3630
1339,3510,3634
1340,3510,3668
1341,3510,3738
1342,3510,3752
1343,3510,3821
1344,3510,3829
1345,3510,3869
1346,3510,3881
1347,3510,3915
1348,3510,3945
1349,3682,3437
1350,3682,3447
1351,3682,3490
1352,3682,3549
1353,3682,3662
1354,3682,3812
1355,3682,3949
1356,3460,3437
1357,3460,3443
1358,3460,3464
1359,3460,3466
1360,3460,3469
1361,3460,3515
1362,3460,3529
1363,3460,3568
1364,3460,3601
1365,3460,3602
1366,3460,3630
1367,3460,3634
1368,3460,3726
1369,3460,3752
1370,3460,3768
1371,3460,3786
1372,3460,3829
1373,3460,3881
1374,3460,3900
1375,3460,3915
1376,3460,3937
1377,3460,3945
1378,3460,3956
1379,3460,3972
1380,3614,3437
1381,3614,3459
1382,3614,3529
1383,3614,3534
1384,3614,3568
1385,3614,3652
1386,3614,3758
1387,3614,3825
1388,3614,3900
1389,3614,3945
1390,3800,3437
1391,3800,3449
1392,3800,3456
1393,3800,3462
1394,3800,3488
1395,3800,3501
1396,3800,3503
1397,3800,3512
1398,3800,3514
1399,3800,3518
1400,3800,3527
1401,3800,3528
1402,3800,3542
1403,3800,3557
1404,3800,3576
1405,3800,3577
1406,3800,3586
1407,3800,3596
1408,3800,3604
1409,3800,3605
1410,3800,3611
1411,3800,3633
1412,3800,3635
1413,3800,3640
1414,3800,3658
1415,3800,3687
1416,3800,3702
1417,3800,3730
1418,3800,3731
1419,3800,3734
1420,3800,3737
1421,3800,3756
1422,3800,3762
1423,3800,3785
1424,3800,3790
1425,3800,3804
1426,3800,3824
1427,3800,3830
1428,3800,3838
1429,3800,3851
1430,3800,3913
1431,3800,3938
1432,3800,3943
1433,3800,3944
1434,3800,3962
1435,3854,3437
1436,3854,3918
1437,3780,3437
1438,3780,3440
1439,3780,3525
1440,3780,3566
1441,3780,3577
1442,3780,3596
1443,3780,3660
1444,3780,3684
1445,3780,3741
1446,3780,3842
1447,3780,3851
1448,3780,3877
1449,3780,3929
1450,3780,3971
1451,3934,3437
1452,3934,3461
1453,3934,3462
1454,3934,3495
1455,3934,3559
1456,3934,3762
1457,3934,3838
1458,3934,3902
1459,3934,3930
1460,3674,1085
1461,3674,3437
1462,3674,3449
1463,3674,3456
1464,3674,3480
1465,3674,3501
1466,3674,3514
1467,3674,3525
1468,3674,3533
1469,3674,3544
1470,3674,3577
1471,3674,3586
1472,3674,3596
1473,3674,3604
1474,3674,3610
1475,3674,3625
1476,3674,3633
1477,3674,3651
1478,3674,3692
1479,3674,3734
1480,3674,3750
1481,3674,3756
1482,3674,3760
1483,3674,3788
1484,3674,3830
1485,3674,3841
1486,3674,3847
1487,3674,3851
1488,3674,3888
1489,3674,3938
1490,3674,3948
1491,3674,3962
1492,3674,3979
1493,3503,3437
1494,3503,3576
1495,3503,3596
1496,3503,3640
1497,3503,3672
1498,3503,3731
1499,3503,3779
1500,3503,3785
1501,3503,3804
1502,3503,3838
1503,3503,3930
1504,3503,3959
1505,3439,3437
1506,3439,3513
1507,3439,3616
1508,3439,3638
1509,3439,3647
1510,3439,3699
1511,3439,3716
1512,3439,3799
1513,3439,3932
1514,3816,3437
1515,3816,3694
1516,3694,3437
1517,3694,3535
1518,3694,3608
1519,3694,3867
1520,3587,3437
1521,3587,3478
1522,3587,3500
1523,3587,3641
1524,3587,3696
1525,3587,3747
1526,3587,3766
1527,3587,3776
1528,3587,3783
1529,3587,3791
1530,3587,3809
1531,3587,3920
1532,3587,3960
1533,3587,3964
1534,3507,3437
1535,3507,3506
1536,3507,3511
1537,3507,3554
1538,3507,3690
1539,3507,3754
1540,3507,3823
1541,3507,3927
1542,3607,3437
1543,3607,3478
1544,3607,3505
1545,3607,3508
1546,3607,3644
1547,3607,3698
1548,3607,3747
1549,857,862
1550,857,865
1551,857,3437
1552,857,3456
1553,857,3495
1554,857,3586
1555,857,3797
1556,3488,3437
1557,3488,3452
1558,3488,3462
1559,3488,3514
1560,3488,3518
1561,3488,3527
1562,3488,3528
1563,3488,3542
1564,3488,3557
1565,3488,3559
1566,3488,3573
1567,3488,3576
1568,3488,3596
1569,3488,3604
1570,3488,3605
1571,3488,3611
1572,3488,3640
1573,3488,3658
1574,3488,3672
1575,3488,3687
1576,3488,3702
1577,3488,3707
1578,3488,3730
1579,3488,3731
1580,3488,3737
1581,3488,3790
1582,3488,3804
1583,3488,3824
1584,3488,3830
1585,3488,3838
1586,3488,3845
1587,3488,3858
1588,3488,3860
1589,3488,3877
1590,3488,3884
1591,3488,3891
1592,3488,3902
1593,3488,3913
1594,3488,3930
1595,3488,3938
1596,3469,3437
1597,3469,3443
1598,3469,3459
1599,3469,3464
1600,3469,3466
1601,3469,3529
1602,3469,3554
1603,3469,3561
1604,3469,3604
1605,3469,3630
1606,3469,3634
1607,3469,3668
1608,3469,3726
1609,3469,3738
1610,3469,3752
1611,3469,3764
1612,3469,3825
1613,3469,3829
1614,3469,3881
1615,3469,3915
1616,3469,3927
1617,3469,3945
1618,3469,3956
1619,3469,3972
1620,3500,3437
1621,3500,3478
1622,3500,3508
1623,3500,3615
1624,3500,3641
1625,3500,3696
1626,3500,3747
1627,3500,3766
1628,3500,3776
1629,3500,3783
1630,3500,3791
1631,3500,3809
1632,3500,3920
1633,3500,3960
1634,3500,3964
1635,3736,3437
1636,3736,3667
1637,3736,3684
1638,3736,3731
1639,3736,3785
1640,3736,3830
1641,3736,3831
1642,3736,3842
1643,3736,3873
1644,3736,3938
1645,3736,3948
1646,3736,3968
1647,3794,3437
1648,3794,3463
1649,3794,3486
1650,3794,3506
1651,3794,3509
1652,3794,3511
1653,3794,3554
1654,3794,3569
1655,3794,3572
1656,3794,3584
1657,3794,3593
1658,3794,3643
1659,3794,3680
1660,3794,3706
1661,3794,3711
1662,3794,3714
1663,3794,3793
1664,3794,3822
1665,3794,3833
1666,3794,3855
1667,3794,3869
1668,3794,3870
1669,3794,3900
1670,3794,3903
1671,3794,3906
1672,3794,3909
1673,3794,3914
1674,3794,3924
1675,3794,3947
1676,3794,3951
1677,3794,3969
1678,3706,3437
1679,3706,3463
1680,3706,3486
1681,3706,3506
1682,3706,3509
1683,3706,3511
1684,3706,3515
1685,3706,3569
1686,3706,3572
1687,3706,3593
1688,3706,3680
1689,3706,3714
1690,3706,3793
1691,3706,3803
1692,3706,3822
1693,3706,3833
1694,3706,3869
1695,3706,3870
1696,3706,3900
1697,3706,3906
1698,3706,3924
1699,3928,3437
1700,3928,3633
1701,3928,3672
1702,3676,3437
1703,3676,3489
1704,3676,3652
1705,3676,3825
1706,3739,3437
1707,3739,3473
1708,3739,3538
1709,3739,3595
1710,3739,3628
1711,3739,3725
1712,3739,3743
1713,3739,3819
1714,3739,3874
1715,3739,3892
1716,3739,3912
1717,3666,3437
1718,3666,3590
1719,3666,3599
1720,3666,3629
1721,3666,3636
1722,3666,3728
1723,3666,3921
1724,3680,3437
1725,3680,3463
1726,3680,3464
1727,3680,3466
1728,3680,3468
1729,3680,3486
1730,3680,3493
1731,3680,3506
1732,3680,3554
1733,3680,3564
1734,3680,3568
1735,3680,3569
1736,3680,3593
1737,3680,3617
1738,3680,3643
1739,3680,3645
1740,3680,3690
1741,3680,3711
1742,3680,3714
1743,3680,3718
1744,3680,3803
1745,3680,3822
1746,3680,3830
1747,3680,3833
1748,3680,3843
1749,3680,3869
1750,3680,3870
1751,3680,3878
1752,3680,3882
1753,3680,3895
1754,3680,3900
1755,3680,3909
1756,3680,3924
1757,3680,3951
1758,3680,3955
1759,3680,3958
1760,3680,3969
1761,3802,3437
1762,3802,3455
1763,3802,3553
1764,3802,3599
1765,3802,3636
1766,3802,3713
1767,3802,3720
1768,3802,3722
1769,3802,3753
1770,3802,3773
1771,3802,3835
1772,3802,3907
1773,3802,3921
1774,3907,3437
1775,3907,3455
1776,3907,3498
1777,3907,3590
1778,3907,3599
1779,3907,3608
1780,3907,3615
1781,3907,3629
1782,3907,3636
1783,3907,3641
1784,3907,3713
1785,3907,3715
1786,3907,3722
1787,3907,3728
1788,3907,3740
1789,3907,3753
1790,3907,3815
1791,3907,3835
1792,3907,3867
1793,3907,3921
1794,3907,3960
1795,3590,3437
1796,3590,3455
1797,3590,3526
1798,3590,3599
1799,3590,3608
1800,3590,3615
1801,3590,3629
1802,3590,3636
1803,3590,3713
1804,3590,3715
1805,3590,3722
1806,3590,3728
1807,3590,3740
1808,3590,3756
1809,3590,3815
1810,3590,3835
1811,3590,3862
1812,3590,3867
1813,3590,3921
1814,3590,3944
1815,3959,3437
1816,3636,3437
1817,3636,3455
1818,3636,3498
1819,3636,3599
1820,3636,3615
1821,3636,3629
1822,3636,3713
1823,3636,3722
1824,3636,3728
1825,3636,3735
1826,3636,3740
1827,3636,3753
1828,3636,3769
1829,3636,3815
1830,3636,3835
1831,3636,3862
1832,3636,3867
1833,3636,3921
1834,3901,3437
1835,3901,3482
1836,3901,3537
1837,3901,3791
1838,3901,3809
1839,3901,3918
1840,3779,862
1841,3779,3437
1842,3779,3454
1843,3779,3522
1844,3779,3547
1845,3779,3596
1846,3779,3610
1847,3779,3642
1848,3779,3659
1849,3779,3750
1850,3779,3772
1851,3779,3872
1852,3779,3930
1853,3779,3938
1854,3779,3941
1855,3779,3979
1856,3890,3437
1857,3890,3539
1858,3890,3803
1859,3890,3927
1860,3732,3437
1861,3732,3610
1862,3925,3437
1863,3925,3487
1864,3925,3530
1865,3925,3551
1866,3925,3961
1867,3789,3437
1868,3789,3653
1869,3789,3720
1870,3789,3751
1871,3789,3807
1872,3789,3918
1873,3789,3923
1874,3722,3437
1875,3722,3455
1876,3722,3496
1877,3722,3498
1878,3722,3505
1879,3722,3508
1880,3722,3526
1881,3722,3553
1882,3722,3599
1883,3722,3608
1884,3722,3629
1885,3722,3713
1886,3722,3728
1887,3722,3740
1888,3722,3753
1889,3722,3773
1890,3722,3778
1891,3722,3827
1892,3722,3835
1893,3722,3850
1894,3722,3862
1895,3722,3918
1896,3722,3921
1897,3468,3437
1898,3468,3458
1899,3468,3524
1900,3468,3529
1901,3468,3532
1902,3468,3534
1903,3468,3535
1904,3468,3568
1905,3468,3584
1906,3468,3601
1907,3468,3622
1908,3468,3645
1909,3468,3718
1910,3468,3758
1911,3468,3764
1912,3468,3777
1913,3468,3810
1914,3468,3823
1915,3468,3878
1916,3468,3881
1917,3468,3900
1918,3468,3927
1919,3468,3945
1920,3468,3956
1921,3823,3437
1922,3823,3464
1923,3823,3535
1924,3823,3539
1925,3823,3601
1926,3823,3617
1927,3823,3714
1928,3823,3781
1929,3823,3927
1930,3823,3946
1931,3823,3956
1932,3707,3437
1933,3707,3497
1934,3707,3514
1935,3707,3518
1936,3707,3527
1937,3707,3528
1938,3707,3542
1939,3707,3576
1940,3707,3605
1941,3707,3640
1942,3707,3672
1943,3707,3681
1944,3707,3730
1945,3707,3731
1946,3707,3737
1947,3707,3756
1948,3707,3785
1949,3707,3828
1950,3707,3838
1951,3707,3891
1952,3707,3913
1953,3707,3930
1954,3582,3437
1955,3582,3443
1956,3582,3752
1957,3903,3437
1958,3903,3458
1959,3903,3493
1960,3903,3506
1961,3903,3584
1962,3903,3631
1963,3903,3643
1964,3903,3711
1965,3903,3718
1966,3903,3870
1967,3903,3878
1968,3903,3896
1969,3903,3924
1970,3903,3951
1971,3903,3969
1972,3839,3437
1973,3839,3586
1974,3651,1085
1975,3651,3437
1976,3651,3449
1977,3651,3456
1978,3651,3477
1979,3651,3480
1980,3651,3495
1981,3651,3501
1982,3651,3525
1983,3651,3577
1984,3651,3586
1985,3651,3633
1986,3651,3683
1987,3651,3734
1988,3651,3750
1989,3651,3756
1990,3651,3824
1991,3651,3828
1992,3651,3830
1993,3651,3841
1994,3651,3851
1995,3651,3858
1996,3651,3873
1997,3651,3877
1998,3651,3884
1999,3651,3929
2000,3651,3938
2001,3651,3948
2002,3917,3437
2003,3917,3473
2004,3917,3538
2005,3917,3595
2006,3917,3628
2007,3917,3725
2008,3917,3743
2009,3917,3819
2010,3917,3857
2011,3917,3874
2012,3917,3892
2013,3917,3912
2014,3964,3437
2015,3964,3478
2016,3964,3561
2017,3964,3747
2018,3964,3766
2019,3964,3776
2020,3964,3791
2021,3964,3836
2022,3964,3920
2023,3964,3956
2024,3892,3437
2025,3892,3473
2026,3892,3538
2027,3892,3628
2028,3892,3725
2029,3892,3743
2030,3892,3874
2031,3892,3912
2032,3588,3437
2033,3588,3455
2034,3588,3827
2035,3588,3862
2036,3495,862
2037,3495,1085
2038,3495,3437
2039,3495,3440
2040,3495,3449
2041,3495,3456
2042,3495,3461
2043,3495,3501
2044,3495,3525
2045,3495,3548
2046,3495,3577
2047,3495,3586
2048,3495,3596
2049,3495,3618
2050,3495,3625
2051,3495,3633
2052,3495,3667
2053,3495,3684
2054,3495,3687
2055,3495,3692
2056,3495,3697
2057,3495,3721
2058,3495,3734
2059,3495,3750
2060,3495,3756
2061,3495,3796
2062,3495,3797
2063,3495,3824
2064,3495,3830
2065,3495,3831
2066,3495,3842
2067,3495,3851
2068,3495,3860
2069,3495,3872
2070,3495,3873
2071,3495,3877
2072,3495,3884
2073,3495,3929
2074,3495,3930
2075,3495,3938
2076,3495,3943
2077,3495,3944
2078,3495,3948
2079,3495,3962
2080,3495,3968
2081,3495,3971
2082,3495,3978
2083,3534,3437
2084,3534,3459
2085,3534,3506
2086,3534,3535
2087,3534,3564
2088,3534,3568
2089,3534,3593
2090,3534,3612
2091,3534,3617
2092,3534,3758
2093,3534,3793
2094,3534,3810
2095,3534,3825
2096,3534,3829
2097,3534,3881
2098,3534,3906
2099,3534,3937
2100,3900,3437
2101,3900,3458
2102,3900,3486
2103,3900,3493
2104,3900,3509
2105,3900,3511
2106,3900,3529
2107,3900,3569
2108,3900,3584
2109,3900,3620
2110,3900,3714
2111,3900,3718
2112,3900,3786
2113,3900,3793
2114,3900,3822
2115,3900,3829
2116,3900,3833
2117,3900,3869
2118,3900,3870
2119,3900,3906
2120,3900,3909
2121,3900,3924
2122,3900,3947
2123,3900,3951
2124,3900,3969
2125,3900,3976
2126,3881,3437
2127,3881,3466
2128,3881,3535
2129,3881,3601
2130,3881,3711
2131,3881,3764
2132,3881,3810
2133,3881,3821
2134,3881,3834
2135,3877,1085
2136,3877,3437
2137,3877,3438
2138,3877,3440
2139,3877,3449
2140,3877,3452
2141,3877,3462
2142,3877,3471
2143,3877,3501
2144,3877,3517
2145,3877,3533
2146,3877,3559
2147,3877,3573
2148,3877,3574
2149,3877,3576
2150,3877,3577
2151,3877,3578
2152,3877,3596
2153,3877,3605
2154,3877,3611
2155,3877,3633
2156,3877,3672
2157,3877,3683
2158,3877,3684
2159,3877,3692
2160,3877,3702
2161,3877,3721
2162,3877,3731
2163,3877,3734
2164,3877,3741
2165,3877,3750
2166,3877,3756
2167,3877,3824
2168,3877,3838
2169,3877,3842
2170,3877,3851
2171,3877,3873
2172,3877,3902
2173,3877,3929
2174,3877,3930
2175,3877,3938
2176,3877,3943
2177,3877,3948
2178,3877,3962
2179,3877,3968
2180,3877,3971
2181,3592,862
2182,3592,1085
2183,3592,3437
2184,3592,3522
2185,3592,3589
2186,3592,3847
2187,3592,3888
2188,3592,3891
2189,3592,3916
2190,3592,3979
2191,3935,3437
2192,3631,3437
2193,3631,3506
2194,3631,3584
2195,3631,3593
2196,3631,3711
2197,3631,3786
2198,3631,3792
2199,3631,3833
2200,3633,862
2201,3633,1085
2202,3633,3437
2203,3633,3438
2204,3633,3440
2205,3633,3449
2206,3633,3456
2207,3633,3480
2208,3633,3484
2209,3633,3501
2210,3633,3514
2211,3633,3517
2212,3633,3533
2213,3633,3550
2214,3633,3577
2215,3633,3578
2216,3633,3586
2217,3633,3596
2218,3633,3604
2219,3633,3611
2220,3633,3618
2221,3633,3625
2222,3633,3654
2223,3633,3656
2224,3633,3667
2225,3633,3684
2226,3633,3687
2227,3633,3692
2228,3633,3721
2229,3633,3734
2230,3633,3741
2231,3633,3750
2232,3633,3756
2233,3633,3760
2234,3633,3788
2235,3633,3796
2236,3633,3797
2237,3633,3804
2238,3633,3824
2239,3633,3828
2240,3633,3830
2241,3633,3841
2242,3633,3842
2243,3633,3851
2244,3633,3860
2245,3633,3873
2246,3633,3884
2247,3633,3889
2248,3633,3938
2249,3633,3943
2250,3633,3948
2251,3633,3962
2252,3633,3968
2253,3633,3971
2254,3841,3437
2255,3841,3449
2256,3841,3456
2257,3841,3480
2258,3841,3501
2259,3841,3525
2260,3841,3577
2261,3841,3586
2262,3841,3596
2263,3841,3604
2264,3841,3625
2265,3841,3656
2266,3841,3684
2267,3841,3692
2268,3841,3734
2269,3841,3756
2270,3841,3788
2271,3841,3830
2272,3841,3851
2273,3841,3929
2274,3841,3938
2275,3841,3948
2276,3841,3962
2277,3661,3437
2278,3661,3548
2279,3661,3737
2280,3661,3897
2281,3661,3948
2282,3857,3437
2283,3857,3473
2284,3857,3538
2285,3857,3595
2286,3857,3628
2287,3857,3725
2288,3857,3743
2289,3628,3437
2290,3628,3445
2291,3628,3473
2292,3628,3538
2293,3628,3542
2294,3628,3547
2295,3628,3595
2296,3628,3725
2297,3628,3743
2298,3628,3760
2299,3628,3819
2300,3628,3874
2301,3628,3912
2302,3628,3962
2303,3812,3437
2304,3812,3459
2305,3812,3549
2306,3812,3662
2307,3812,3745
2308,3974,3437
2309,3834,3437
2310,3834,3568
2311,3834,3617
2312,3834,3764
2313,3834,3821
2314,3790,3437
2315,3790,3450
2316,3790,3497
2317,3790,3514
2318,3790,3518
2319,3790,3528
2320,3790,3542
2321,3790,3557
2322,3790,3576
2323,3790,3578
2324,3790,3596
2325,3790,3603
2326,3790,3604
2327,3790,3605
2328,3790,3611
2329,3790,3635
2330,3790,3640
2331,3790,3670
2332,3790,3681
2333,3790,3683
2334,3790,3687
2335,3790,3702
2336,3790,3730
2337,3790,3731
2338,3790,3737
2339,3790,3804
2340,3790,3824
2341,3790,3828
2342,3790,3830
2343,3790,3832
2344,3790,3838
2345,3790,3845
2346,3790,3851
2347,3790,3858
2348,3790,3860
2349,3790,3884
2350,3790,3902
2351,3790,3913
2352,3790,3938
2353,3827,3437
2354,3827,3455
2355,3827,3505
2356,3827,3553
2357,3827,3778
2358,3625,3437
2359,3625,3449
2360,3625,3480
2361,3625,3501
2362,3625,3520
2363,3625,3525
2364,3625,3550
2365,3625,3552
2366,3625,3573
2367,3625,3577
2368,3625,3618
2369,3625,3656
2370,3625,3667
2371,3625,3672
2372,3625,3684
2373,3625,3692
2374,3625,3721
2375,3625,3734
2376,3625,3756
2377,3625,3797
2378,3625,3830
2379,3625,3842
2380,3625,3851
2381,3625,3873
2382,3625,3938
2383,3625,3948
2384,3625,3962
2385,3625,3968
2386,3625,3978
2387,3728,3437
2388,3728,3455
2389,3728,3498
2390,3728,3508
2391,3728,3553
2392,3728,3599
2393,3728,3608
2394,3728,3629
2395,3728,3698
2396,3728,3713
2397,3728,3735
2398,3728,3740
2399,3728,3753
2400,3728,3769
2401,3728,3815
2402,3728,3835
2403,3728,3862
2404,3728,3867
2405,3728,3921
2406,3549,3437
2407,3549,3446
2408,3549,3490
2409,3549,3531
2410,3549,3546
2411,3549,3566
2412,3549,3585
2413,3549,3624
2414,3549,3662
2415,3549,3863
2416,3549,3905
2417,3867,3437
2418,3867,3455
2419,3867,3498
2420,3867,3553
2421,3867,3599
2422,3867,3608
2423,3867,3615
2424,3867,3629
2425,3867,3713
2426,3867,3715
2427,3867,3735
2428,3867,3740
2429,3867,3753
2430,3867,3815
2431,3867,3835
2432,3867,3862
2433,3867,3921
2434,3615,3437
2435,3615,3498
2436,3615,3508
2437,3615,3599
2438,3615,3608
2439,3615,3629
2440,3615,3740
2441,3615,3776
2442,3615,3815
2443,3615,3835
2444,3615,3921
2445,3544,3437
2446,3544,3808
2447,3544,3888
2448,3702,3437
2449,3702,3471
2450,3702,3518
2451,3702,3527
2452,3702,3528
2453,3702,3542
2454,3702,3557
2455,3702,3573
2456,3702,3576
2457,3702,3596
2458,3702,3605
2459,3702,3635
2460,3702,3640
2461,3702,3670
2462,3702,3672
2463,3702,3684
2464,3702,3687
2465,3702,3721
2466,3702,3731
2467,3702,3737
2468,3702,3804
2469,3702,3824
2470,3702,3830
2471,3702,3832
2472,3702,3838
2473,3702,3845
2474,3702,3891
2475,3702,3902
2476,3702,3938
2477,3702,3948
2478,3940,3437
2479,3940,3471
2480,3940,3484
2481,3940,3497
2482,3940,3542
2483,3940,3543
2484,3940,3672
2485,3940,3838
2486,3940,3902
2487,3493,3437
2488,3493,3458
2489,3493,3486
2490,3493,3506
2491,3493,3584
2492,3493,3593
2493,3493,3646
2494,3493,3711
2495,3493,3719
2496,3493,3792
2497,3493,3810
2498,3493,3924
2499,3493,3951
2500,3493,3969
2501,3978,3437
2502,3978,3914
2503,3471,3437
2504,3471,3484
2505,3471,3526
2506,3471,3543
2507,3471,3611
2508,3471,3672
2509,3471,3684
2510,3471,3838
2511,3471,3845
2512,3471,3851
2513,3471,3873
2514,3471,3902
2515,3471,3930
2516,3471,3938
2517,3471,3971
2518,3659,3437
2519,3659,3610
2520,3659,3637
2521,3659,3642
2522,3659,3772
2523,3659,3888
2524,3659,3930
2525,3659,3979
2526,3486,3437
2527,3486,3463
2528,3486,3506
2529,3486,3509
2530,3486,3569
2531,3486,3572
2532,3486,3593
2533,3486,3711
2534,3486,3714
2535,3486,3793
2536,3486,3803
2537,3486,3822
2538,3486,3833
2539,3486,3855
2540,3486,3869
2541,3486,3870
2542,3486,3906
2543,3486,3909
2544,3486,3924
2545,3486,3951
2546,3486,3969
2547,3486,3976
2548,3832,3437
2549,3832,3482
2550,3832,3514
2551,3832,3518
2552,3832,3528
2553,3832,3596
2554,3832,3635
2555,3832,3640
2556,3832,3730
2557,3832,3830
2558,3660,3437
2559,3660,3610
2560,3660,3847
2561,3660,3870
2562,3741,1085
2563,3741,3437
2564,3741,3501
2565,3741,3563
2566,3741,3577
2567,3741,3684
2568,3741,3721
2569,3741,3797
2570,3741,3830
2571,3741,3851
2572,3741,3938
2573,3741,3948
2574,3692,1085
2575,3692,3437
2576,3692,3449
2577,3692,3456
2578,3692,3480
2579,3692,3501
2580,3692,3525
2581,3692,3577
2582,3692,3586
2583,3692,3596
2584,3692,3618
2585,3692,3656
2586,3692,3667
2587,3692,3683
2588,3692,3684
2589,3692,3712
2590,3692,3721
2591,3692,3734
2592,3692,3756
2593,3692,3797
2594,3692,3830
2595,3692,3851
2596,3692,3873
2597,3692,3938
2598,3692,3948
2599,3692,3962
2600,3692,3968
2601,3557,3437
2602,3557,3456
2603,3557,3514
2604,3557,3518
2605,3557,3527
2606,3557,3528
2607,3557,3574
2608,3557,3596
2609,3557,3604
2610,3557,3611
2611,3557,3635
2612,3557,3640
2613,3557,3642
2614,3557,3670
2615,3557,3687
2616,3557,3730
2617,3557,3731
2618,3557,3737
2619,3557,3804
2620,3557,3824
2621,3557,3828
2622,3557,3838
2623,3557,3858
2624,3557,3860
2625,3557,3938
2626,3574,3437
2627,3574,3576
2628,3574,3596
2629,3574,3605
2630,3574,3611
2631,3574,3635
2632,3574,3640
2633,3574,3642
2634,3574,3731
2635,3574,3762
2636,3574,3828
2637,3574,3830
2638,3574,3891
2639,3888,3437
2640,3888,3610
2641,3888,3872
2642,3888,3979
2643,3684,862
2644,3684,1085
2645,3684,3437
2646,3684,3440
2647,3684,3449
2648,3684,3480
2649,3684,3484
2650,3684,3491
2651,3684,3496
2652,3684,3501
2653,3684,3520
2654,3684,3526
2655,3684,3547
2656,3684,3550
2657,3684,3563
2658,3684,3577
2659,3684,3586
2660,3684,3596
2661,3684,3618
2662,3684,3656
2663,3684,3667
2664,3684,3672
2665,3684,3697
2666,3684,3721
2667,3684,3734
2668,3684,3750
2669,3684,3756
2670,3684,3797
2671,3684,3817
2672,3684,3828
2673,3684,3830
2674,3684,3831
2675,3684,3842
2676,3684,3851
2677,3684,3872
2678,3684,3873
2679,3684,3902
2680,3684,3938
2681,3684,3948
2682,3684,3962
2683,3684,3968
2684,3684,3971
2685,3727,3437
2686,3727,3745
2687,3727,3771
2688,3727,3949
2689,3840,3437
2690,3840,3472
2691,3840,3505
2692,3840,3508
2693,3840,3526
2694,3840,3553
2695,3840,3629
2696,3840,3644
2697,3840,3685
2698,3840,3698
2699,3840,3850
2700,3788,3437
2701,3788,3449
2702,3788,3491
2703,3788,3586
2704,3788,3596
2705,3788,3604
2706,3788,3734
2707,3646,3437
2708,3646,3506
2709,3646,3584
2710,3646,3593
2711,3646,3620
2712,3646,3643
2713,3646,3711
2714,3646,3719
2715,3646,3758
2716,3646,3763
2717,3646,3810
2718,3646,3924
2719,3646,3951
2720,3646,3969
2721,3861,3437
2722,3861,3444
2723,3861,3454
2724,3861,3463
2725,3861,3496
2726,3861,3600
2727,3861,3604
2728,3861,3726
2729,3861,3733
2730,3861,3742
2731,3861,3849
2732,3861,3859
2733,3861,3904
2734,3861,3954
2735,3962,1085
2736,3962,3437
2737,3962,3449
2738,3962,3456
2739,3962,3491
2740,3962,3501
2741,3962,3525
2742,3962,3563
2743,3962,3577
2744,3962,3596
2745,3962,3604
2746,3962,3667
2747,3962,3672
2748,3962,3734
2749,3962,3756
2750,3962,3760
2751,3962,3797
2752,3962,3830
2753,3962,3873
2754,3962,3938
2755,3962,3944
2756,3962,3948
2757,3962,3968
2758,3600,3437
2759,3600,3440
2760,3600,3583
2761,3600,3612
2762,3600,3825
2763,3572,3437
2764,3572,3714
2765,3572,3822
2766,3572,3869
2767,3897,3437
2768,3897,3548
2769,3725,3437
2770,3725,3445
2771,3725,3473
2772,3725,3538
2773,3725,3595
2774,3725,3743
2775,3725,3819
2776,3725,3874
2777,3725,3912
2778,3860,3437
2779,3860,3450
2780,3860,3514
2781,3860,3518
2782,3860,3528
2783,3860,3576
2784,3860,3578
2785,3860,3596
2786,3860,3604
2787,3860,3605
2788,3860,3611
2789,3860,3640
2790,3860,3642
2791,3860,3687
2792,3860,3721
2793,3860,3731
2794,3860,3737
2795,3860,3785
2796,3860,3804
2797,3860,3824
2798,3860,3828
2799,3860,3830
2800,3860,3838
2801,3860,3858
2802,3860,3884
2803,3860,3902
2804,3860,3913
2805,3860,3930
2806,3860,3938
2807,3924,3437
2808,3924,3463
2809,3924,3506
2810,3924,3509
2811,3924,3569
2812,3924,3584
2813,3924,3593
2814,3924,3643
2815,3924,3711
2816,3924,3714
2817,3924,3718
2818,3924,3719
2819,3924,3758
2820,3924,3763
2821,3924,3792
2822,3924,3793
2823,3924,3810
2824,3924,3822
2825,3924,3833
2826,3924,3869
2827,3924,3870
2828,3924,3896
2829,3924,3906
2830,3924,3909
2831,3924,3947
2832,3924,3951
2833,3924,3969
2834,3924,3976
2835,3930,3437
2836,3930,3450
2837,3930,3461
2838,3930,3462
2839,3930,3522
2840,3930,3527
2841,3930,3528
2842,3930,3542
2843,3930,3559
2844,3930,3573
2845,3930,3576
2846,3930,3586
2847,3930,3596
2848,3930,3611
2849,3930,3635
2850,3930,3642
2851,3930,3654
2852,3930,3672
2853,3930,3737
2854,3930,3762
2855,3930,3804
2856,3930,3830
2857,3930,3838
2858,3930,3858
2859,3930,3884
2860,3930,3891
2861,3930,3902
2862,3930,3938
2863,3930,3941
2864,3856,3437
2865,3616,3437
2866,3616,3513
2867,3616,3638
2868,3616,3647
2869,3616,3699
2870,3616,3716
2871,3616,3799
2872,3616,3844
2873,3616,3848
2874,3616,3918
2875,3616,3932
2876,3691,3437
2877,3691,3830
2878,3573,3437
2879,3573,3452
2880,3573,3525
2881,3573,3526
2882,3573,3550
2883,3573,3552
2884,3573,3559
2885,3573,3576
2886,3573,3611
2887,3573,3672
2888,3573,3797
2889,3573,3838
2890,3573,3891
2891,3573,3902
2892,3753,3437
2893,3753,3455
2894,3753,3470
2895,3753,3505
2896,3753,3526
2897,3753,3553
2898,3753,3599
2899,3753,3629
2900,3753,3713
2901,3753,3735
2902,3753,3773
2903,3753,3778
2904,3753,3835
2905,3753,3850
2906,3753,3921
2907,3767,3437
2908,3767,3470
2909,3767,3532
2910,3767,3764
2911,3767,3803
2912,3767,3829
2913,3767,3927
2914,3767,3958
2915,3778,3437
2916,3778,3455
2917,3778,3470
2918,3778,3553
2919,3778,3629
2920,3778,3769
2921,3778,3773
2922,3914,3437
2923,3914,3568
2924,3914,3604
2925,3914,3768
2926,3914,3915
2927,3589,3437
2928,3699,3437
2929,3498,3437
2930,3498,3455
2931,3498,3599
2932,3498,3629
2933,3498,3713
2934,3498,3715
2935,3498,3740
2936,3498,3835
2937,3498,3862
2938,3498,3921
2939,3815,3437
2940,3815,3455
2941,3815,3599
2942,3815,3629
2943,3815,3715
2944,3815,3740
2945,3815,3835
2946,3815,3921
2947,3565,3437
2948,3565,3477
2949,3565,3637
2950,3565,3756
2951,3578,3437
2952,3578,3514
2953,3578,3518
2954,3578,3596
2955,3578,3604
2956,3578,3611
2957,3578,3640
2958,3578,3670
2959,3578,3683
2960,3578,3730
2961,3578,3731
2962,3578,3737
2963,3578,3804
2964,3578,3824
2965,3578,3828
2966,3578,3830
2967,3578,3838
2968,3578,3858
2969,3578,3938
2970,3712,3437
2971,3712,3491
2972,3712,3586
2973,3712,3734
2974,3712,3838
2975,3712,3938
2976,3563,3437
2977,3563,3525
2978,3563,3526
2979,3563,3553
2980,3563,3656
2981,3563,3667
2982,3563,3683
2983,3563,3830
2984,3563,3873
2985,3563,3948
2986,3563,3968
2987,3872,862
2988,3872,1085
2989,3872,3437
2990,3872,3522
2991,3872,3550
2992,3872,3672
2993,3872,3797
2994,3872,3979
2995,3581,3437
2996,3581,3479
2997,3581,3481
2998,3581,3523
2999,3581,3562
3000,3581,3594
3001,3581,3613
3002,3581,3649
3003,3581,3883
3004,3581,3898
3005,3737,3437
3006,3737,3449
3007,3737,3450
3008,3737,3512
3009,3737,3514
3010,3737,3518
3011,3737,3525
3012,3737,3528
3013,3737,3548
3014,3737,3596
3015,3737,3604
3016,3737,3605
3017,3737,3611
3018,3737,3640
3019,3737,3642
3020,3737,3672
3021,3737,3687
3022,3737,3730
3023,3737,3734
3024,3737,3804
3025,3737,3824
3026,3737,3838
3027,3737,3858
3028,3737,3873
3029,3737,3884
3030,3737,3938
3031,3611,3437
3032,3611,3452
3033,3611,3462
3034,3611,3491
3035,3611,3497
3036,3611,3514
3037,3611,3518
3038,3611,3527
3039,3611,3528
3040,3611,3542
3041,3611,3576
3042,3611,3577
3043,3611,3596
3044,3611,3604
3045,3611,3605
3046,3611,3635
3047,3611,3640
3048,3611,3672
3049,3611,3731
3050,3611,3734
3051,3611,3762
3052,3611,3785
3053,3611,3804
3054,3611,3817
3055,3611,3824
3056,3611,3830
3057,3611,3838
3058,3611,3842
3059,3611,3845
3060,3611,3851
3061,3611,3858
3062,3611,3891
3063,3611,3902
3064,3611,3913
3065,3611,3938
3066,3611,3971
3067,3894,3437
3068,3894,3447
3069,3894,3490
3070,3894,3546
3071,3894,3580
3072,3894,3679
3073,3894,3863
3074,3662,3437
3075,3662,3441
3076,3662,3446
3077,3662,3490
3078,3662,3531
3079,3662,3546
3080,3662,3566
3081,3662,3624
3082,3662,3745
3083,3662,3863
3084,3662,3905
3085,3909,3437
3086,3909,3443
3087,3909,3463
3088,3909,3509
3089,3909,3511
3090,3909,3529
3091,3909,3569
3092,3909,3643
3093,3909,3726
3094,3909,3822
3095,3909,3833
3096,3909,3906
3097,3909,3945
3098,3909,3976
3099,3971,3437
3100,3971,3438
3101,3971,3440
3102,3971,3449
3103,3971,3456
3104,3971,3480
3105,3971,3484
3106,3971,3491
3107,3971,3501
3108,3971,3520
3109,3971,3550
3110,3971,3586
3111,3971,3596
3112,3971,3618
3113,3971,3697
3114,3971,3734
3115,3971,3750
3116,3971,3797
3117,3971,3817
3118,3971,3830
3119,3971,3831
3120,3971,3838
3121,3971,3842
3122,3971,3851
3123,3971,3873
3124,3971,3884
3125,3971,3938
3126,3971,3948
3127,3971,3968
3128,3853,3437
3129,3743,3437
3130,3743,3445
3131,3743,3473
3132,3743,3538
3133,3743,3595
3134,3743,3819
3135,3743,3874
3136,3743,3912
3137,3716,3437
3138,3716,3638
3139,3716,3647
3140,3716,3799
3141,3716,3932
3142,3506,3437
3143,3506,3458
3144,3506,3463
3145,3506,3509
3146,3506,3511
3147,3506,3515
3148,3506,3568
3149,3506,3569
3150,3506,3584
3151,3506,3593
3152,3506,3620
3153,3506,3643
3154,3506,3690
3155,3506,3711
3156,3506,3714
3157,3506,3718
3158,3506,3754
3159,3506,3758
3160,3506,3786
3161,3506,3810
3162,3506,3822
3163,3506,3829
3164,3506,3833
3165,3506,3855
3166,3506,3869
3167,3506,3895
3168,3506,3896
3169,3506,3951
3170,3506,3958
3171,3506,3969
3172,3602,3437
3173,3602,3464
3174,3602,3466
3175,3602,3524
3176,3602,3529
3177,3602,3630
3178,3602,3634
3179,3602,3738
3180,3602,3829
3181,3602,3869
3182,3602,3945
3183,3602,3972
3184,3756,1085
3185,3756,3437
3186,3756,3449
3187,3756,3456
3188,3756,3462
3189,3756,3477
3190,3756,3480
3191,3756,3501
3192,3756,3517
3193,3756,3525
3194,3756,3576
3195,3756,3577
3196,3756,3586
3197,3756,3596
3198,3756,3603
3199,3756,3604
3200,3756,3605
3201,3756,3637
3202,3756,3656
3203,3756,3658
3204,3756,3683
3205,3756,3697
3206,3756,3721
3207,3756,3734
3208,3756,3750
3209,3756,3772
3210,3756,3785
3211,3756,3797
3212,3756,3824
3213,3756,3828
3214,3756,3830
3215,3756,3851
3216,3756,3884
3217,3756,3889
3218,3756,3929
3219,3756,3938
3220,3756,3943
3221,3756,3944
3222,3756,3948
3223,3756,3968
3224,3440,1085
3225,3440,3437
3226,3440,3501
3227,3440,3525
3228,3440,3576
3229,3440,3596
3230,3440,3697
3231,3440,3734
3232,3440,3797
3233,3440,3842
3234,3440,3851
3235,3440,3938
3236,3440,3968
3237,3975,3437
3238,3975,3465
3239,3975,3476
3240,3975,3519
3241,3975,3571
3242,3975,3701
3243,3975,3708
3244,3975,3757
3245,3975,3774
3246,3975,3836
3247,3975,3837
3248,3975,3918
3249,3975,3957
3250,3865,3437
3251,3865,3526
3252,3865,3740
3253,3673,3437
3254,3673,3454
3255,3673,3530
3256,3673,3612
3257,3771,3437
3258,3771,3490
3259,3771,3531
3260,3771,3855
3261,3771,3949
3262,3771,3956
3263,3791,3437
3264,3791,3478
3265,3791,3508
3266,3791,3632
3267,3791,3678
3268,3791,3696
3269,3791,3747
3270,3791,3766
3271,3791,3776
3272,3791,3783
3273,3791,3809
3274,3791,3920
3275,3791,3960
3276,3653,3437
3277,3653,3720
3278,3653,3918
3279,3746,3437
3280,3746,3846
3281,3838,3437
3282,3838,3449
3283,3838,3450
3284,3838,3452
3285,3838,3462
3286,3838,3491
3287,3838,3497
3288,3838,3514
3289,3838,3518
3290,3838,3527
3291,3838,3528
3292,3838,3542
3293,3838,3559
3294,3838,3576
3295,3838,3596
3296,3838,3603
3297,3838,3604
3298,3838,3605
3299,3838,3635
3300,3838,3640
3301,3838,3642
3302,3838,3672
3303,3838,3687
3304,3838,3804
3305,3838,3824
3306,3838,3828
3307,3838,3845
3308,3838,3851
3309,3838,3884
3310,3838,3891
3311,3838,3902
3312,3838,3938
3313,3838,3943
3314,3838,3944
3315,3669,3437
3316,3669,3502
3317,3669,3700
3318,3669,3813
3319,3669,3830
3320,3669,3911
3321,3920,3437
3322,3920,3478
3323,3920,3641
3324,3920,3696
3325,3920,3747
3326,3920,3776
3327,3920,3783
3328,3920,3809
3329,3920,3960
3330,3603,3437
3331,3603,3452
3332,3603,3596
3333,3603,3640
3334,3603,3672
3335,3603,3828
3336,3571,3437
3337,3571,3465
3338,3571,3519
3339,3571,3675
3340,3571,3701
3341,3571,3708
3342,3571,3757
3343,3571,3774
3344,3571,3836
3345,3571,3837
3346,3571,3899
3347,3571,3918
3348,3571,3957
3349,3571,3965
3350,3773,3437
3351,3773,3455
3352,3773,3470
3353,3773,3505
3354,3773,3526
3355,3773,3553
3356,3773,3599
3357,3773,3850
3358,3941,3437
3359,3941,3612
3360,3941,3645
3361,3941,3893
3362,3851,1085
3363,3851,3437
3364,3851,3438
3365,3851,3449
3366,3851,3456
3367,3851,3491
3368,3851,3501
3369,3851,3517
3370,3851,3525
3371,3851,3527
3372,3851,3577
3373,3851,3586
3374,3851,3596
3375,3851,3604
3376,3851,3618
3377,3851,3672
3378,3851,3734
3379,3851,3750
3380,3851,3796
3381,3851,3797
3382,3851,3817
3383,3851,3830
3384,3851,3831
3385,3851,3842
3386,3851,3845
3387,3851,3873
3388,3851,3889
3389,3851,3938
3390,3851,3943
3391,3851,3948
3392,3851,3968
3393,3797,862
3394,3797,1085
3395,3797,3437
3396,3797,3449
3397,3797,3456
3398,3797,3491
3399,3797,3501
3400,3797,3550
3401,3797,3577
3402,3797,3586
3403,3797,3596
3404,3797,3618
3405,3797,3672
3406,3797,3697
3407,3797,3721
3408,3797,3750
3409,3797,3796
3410,3797,3830
3411,3797,3842
3412,3797,3938
3413,3797,3948
3414,3797,3968
3415,3781,3437
3416,3781,3690
3417,3781,3946
3418,3973,3437
3419,3973,3568
3420,3973,3584
3421,3973,3793
3422,3973,3833
3423,3973,3906
3424,3973,3947
3425,3799,3437
3426,3799,3480
3427,3799,3513
3428,3799,3638
3429,3799,3647
3430,3799,3763
3431,3799,3844
3432,3799,3848
3433,3799,3918
3434,3799,3932
3435,3799,3952
3436,3629,3437
3437,3629,3455
3438,3629,3470
3439,3629,3472
3440,3629,3496
3441,3629,3505
3442,3629,3526
3443,3629,3553
3444,3629,3599
3445,3629,3698
3446,3629,3713
3447,3629,3735
3448,3629,3740
3449,3629,3769
3450,3629,3835
3451,3629,3850
3452,3629,3862
3453,3629,3921
3454,3629,3977
3455,3505,3437
3456,3505,3455
3457,3505,3472
3458,3505,3482
3459,3505,3496
3460,3505,3508
3461,3505,3512
3462,3505,3526
3463,3505,3553
3464,3505,3644
3465,3505,3685
3466,3505,3698
3467,3505,3747
3468,3505,3850
3469,3505,3936
3470,3686,3437
3471,3686,3596
3472,3686,3635
3473,3686,3670
3474,3562,3437
3475,3562,3479
3476,3562,3481
3477,3562,3523
3478,3562,3594
3479,3562,3613
3480,3562,3649
3481,3562,3830
3482,3562,3883
3483,3562,3898
3484,3562,3919
3485,3922,3437
3486,3630,3437
3487,3630,3443
3488,3630,3464
3489,3630,3529
3490,3630,3634
3491,3630,3738
3492,3630,3829
3493,3630,3945
3494,3911,3437
3495,3911,3502
3496,3911,3700
3497,3911,3813
3498,3911,3830
3499,3927,3437
3500,3927,3532
3501,3927,3535
3502,3927,3561
3503,3927,3564
3504,3927,3584
3505,3927,3610
3506,3927,3617
3507,3927,3622
3508,3927,3690
3509,3927,3719
3510,3927,3754
3511,3927,3764
3512,3927,3821
3513,3927,3825
3514,3927,3843
3515,3927,3945
3516,3715,3437
3517,3715,3455
3518,3715,3599
3519,3715,3713
3520,3715,3740
3521,3715,3835
3522,3715,3921
3523,3891,3437
3524,3891,3452
3525,3891,3462
3526,3891,3559
3527,3891,3576
3528,3891,3658
3529,3891,3672
3530,3891,3704
3531,3891,3731
3532,3891,3845
3533,3891,3902
3534,3891,3916
3535,3530,3437
3536,3530,3487
3537,3530,3511
3538,3530,3551
3539,3938,3437
3540,3938,3438
3541,3938,3449
3542,3938,3456
3543,3938,3457
3544,3938,3480
3545,3938,3491
3546,3938,3501
3547,3938,3514
3548,3938,3518
3549,3938,3527
3550,3938,3528
3551,3938,3576
3552,3938,3577
3553,3938,3586
3554,3938,3596
3555,3938,3604
3556,3938,3605
3557,3938,3635
3558,3938,3640
3559,3938,3642
3560,3938,3654
3561,3938,3670
3562,3938,3672
3563,3938,3687
3564,3938,3697
3565,3938,3721
3566,3938,3731
3567,3938,3734
3568,3938,3750
3569,3938,3804
3570,3938,3824
3571,3938,3828
3572,3938,3831
3573,3938,3842
3574,3938,3858
3575,3938,3873
3576,3938,3884
3577,3938,3889
3578,3938,3902
3579,3938,3943
3580,3938,3948
3581,3938,3968
3582,3958,3437
3583,3958,3515
3584,3958,3671
3585,3958,3951
3586,3501,862
3587,3501,1085
3588,3501,3437
3589,3501,3438
3590,3501,3449
3591,3501,3456
3592,3501,3484
3593,3501,3517
3594,3501,3525
3595,3501,3533
3596,3501,3577
3597,3501,3586
3598,3501,3596
3599,3501,3604
3600,3501,3721
3601,3501,3734
3602,3501,3760
3603,3501,3796
3604,3501,3824
3605,3501,3830
3606,3501,3842
3607,3501,3873
3608,3501,3884
3609,3501,3889
3610,3501,3943
3611,3501,3948
3612,3501,3968
3613,3472,3437
3614,3472,3482
3615,3472,3508
3616,3472,3526
3617,3472,3553
3618,3472,3644
3619,3472,3685
3620,3472,3698
3621,3472,3850
3622,3617,3437
3623,3617,3464
3624,3617,3532
3625,3617,3564
3626,3617,3568
3627,3617,3584
3628,3617,3604
3629,3617,3622
3630,3617,3645
3631,3617,3690
3632,3617,3719
3633,3617,3738
3634,3617,3754
3635,3617,3758
3636,3617,3777
3637,3617,3793
3638,3617,3803
3639,3617,3821
3640,3617,3825
3641,3617,3830
3642,3617,3869
3643,3617,3878
3644,3617,3895
3645,3514,3437
3646,3514,3456
3647,3514,3518
3648,3514,3528
3649,3514,3542
3650,3514,3596
3651,3514,3604
3652,3514,3605
3653,3514,3635
3654,3514,3640
3655,3514,3670
3656,3514,3672
3657,3514,3687
3658,3514,3730
3659,3514,3760
3660,3514,3804
3661,3514,3824
3662,3514,3828
3663,3514,3830
3664,3514,3858
3665,3514,3884
3666,3514,3913
3667,3641,3437
3668,3641,3696
3669,3641,3960
3670,3751,3437
3671,3751,3720
3672,3751,3787
3673,3751,3923
3674,3932,3437
3675,3932,3513
3676,3932,3638
3677,3932,3647
3678,3638,3437
3679,3638,3647
3680,3638,3844
3681,3638,3848
3682,3638,3918
3683,3638,3952
3684,3622,3437
3685,3622,3532
3686,3622,3564
3687,3622,3690
3688,3622,3719
3689,3622,3803
3690,3622,3821
3691,3622,3878
3692,3915,3437
3693,3915,3443
3694,3915,3464
3695,3915,3466
3696,3915,3529
3697,3915,3554
3698,3915,3568
3699,3915,3604
3700,3915,3634
3701,3915,3738
3702,3915,3752
3703,3915,3764
3704,3915,3829
3705,3915,3945
3706,3915,3956
3707,3915,3972
3708,3921,3437
3709,3921,3455
3710,3921,3553
3711,3921,3599
3712,3921,3608
3713,3921,3713
3714,3921,3735
3715,3921,3740
3716,3921,3801
3717,3921,3835
3718,3921,3862
3719,3679,3437
3720,3679,3447
3721,3679,3546
3722,3679,3580
3723,3679,3585
3724,3679,3624
3725,3679,3863
3726,3679,3905
3727,3679,3939
3728,3519,3437
3729,3519,3465
3730,3519,3476
3731,3519,3675
3732,3519,3701
3733,3519,3708
3734,3519,3757
3735,3519,3774
3736,3519,3836
3737,3519,3837
3738,3519,3918
3739,3519,3957
3740,3835,3437
3741,3835,3455
3742,3835,3553
3743,3835,3599
3744,3835,3713
3745,3835,3740
3746,3835,3850
3747,3835,3862
3748,3599,3437
3749,3599,3455
3750,3599,3470
3751,3599,3526
3752,3599,3553
3753,3599,3608
3754,3599,3713
3755,3599,3735
3756,3599,3740
3757,3599,3769
3758,3599,3850
3759,3599,3862
3760,3517,862
3761,3517,3437
3762,3517,3438
3763,3517,3449
3764,3517,3512
3765,3517,3533
3766,3517,3577
3767,3517,3586
3768,3517,3760
3769,3517,3830
3770,3517,3948
3771,3496,3437
3772,3496,3487
3773,3496,3520
3774,3496,3547
3775,3496,3550
3776,3496,3551
3777,3496,3672
3778,3496,3750
3779,3496,3817
3780,3496,3831
3781,3730,3437
3782,3730,3450
3783,3730,3518
3784,3730,3528
3785,3730,3542
3786,3730,3596
3787,3730,3604
3788,3730,3605
3789,3730,3635
3790,3730,3640
3791,3730,3642
3792,3730,3687
3793,3730,3731
3794,3730,3804
3795,3730,3824
3796,3730,3913
3797,3619,3437
3798,3619,3760
3799,3619,3970
3800,3604,3437
3801,3604,3449
3802,3604,3450
3803,3604,3456
3804,3604,3462
3805,3604,3464
3806,3604,3480
3807,3604,3497
3808,3604,3512
3809,3604,3518
3810,3604,3527
3811,3604,3528
3812,3604,3542
3813,3604,3559
3814,3604,3561
3815,3604,3576
3816,3604,3577
3817,3604,3586
3818,3604,3596
3819,3604,3601
3820,3604,3605
3821,3604,3635
3822,3604,3640
3823,3604,3645
3824,3604,3658
3825,3604,3672
3826,3604,3687
3827,3604,3721
3828,3604,3731
3829,3604,3734
3830,3604,3804
3831,3604,3828
3832,3604,3830
3833,3604,3845
3834,3604,3858
3835,3604,3869
3836,3604,3889
3837,3604,3902
3838,3604,3913
3839,3604,3943
3840,3604,3948
3841,3758,3437
3842,3758,3459
3843,3758,3529
3844,3758,3535
3845,3758,3568
3846,3758,3583
3847,3758,3584
3848,3758,3593
3849,3758,3612
3850,3758,3690
3851,3758,3711
3852,3758,3718
3853,3758,3719
3854,3758,3764
3855,3758,3768
3856,3758,3777
3857,3758,3786
3858,3758,3793
3859,3758,3810
3860,3758,3818
3861,3758,3825
3862,3758,3829
3863,3758,3833
3864,3758,3855
3865,3758,3906
3866,3758,3937
3867,3758,3945
3868,3758,3947
3869,3758,3951
3870,3758,3969
3871,3634,3437
3872,3634,3443
3873,3634,3464
3874,3634,3466
3875,3634,3529
3876,3634,3554
3877,3634,3593
3878,3634,3738
3879,3634,3752
3880,3634,3829
3881,3634,3937
3882,3634,3945
3883,3634,3956
3884,3634,3972
3885,3777,3437
3886,3777,3464
3887,3777,3529
3888,3777,3532
3889,3777,3803
3890,3777,3829
3891,3804,3437
3892,3804,3450
3893,3804,3456
3894,3804,3497
3895,3804,3518
3896,3804,3527
3897,3804,3528
3898,3804,3542
3899,3804,3559
3900,3804,3596
3901,3804,3605
3902,3804,3635
3903,3804,3640
3904,3804,3654
3905,3804,3670
3906,3804,3672
3907,3804,3681
3908,3804,3687
3909,3804,3731
3910,3804,3762
3911,3804,3824
3912,3804,3830
3913,3804,3845
3914,3804,3858
3915,3804,3884
3916,3804,3902
3917,3804,3913
3918,3551,3437
3919,3551,3487
3920,3551,3525
3921,3551,3961
3922,3533,3437
3923,3533,3438
3924,3533,3467
3925,3533,3512
3926,3533,3734
3927,3533,3760
3928,3533,3830
3929,3533,3929
3930,3533,3948
3931,3508,3437
3932,3508,3482
3933,3508,3553
3934,3508,3632
3935,3508,3644
3936,3508,3685
3937,3508,3698
3938,3508,3747
3939,3508,3776
3940,3508,3809
3941,3508,3850
3942,3585,3437
3943,3585,3446
3944,3585,3490
3945,3585,3580
3946,3585,3863
3947,3585,3949
3948,3683,3437
3949,3683,3525
3950,3683,3656
3951,3683,3667
3952,3683,3830
3953,3683,3842
3954,3683,3944
3955,3683,3948
3956,3683,3968
3957,3783,3437
3958,3783,3478
3959,3783,3696
3960,3783,3747
3961,3783,3776
3962,3783,3809
3963,3783,3960
3964,3465,3437
3965,3465,3476
3966,3465,3675
3967,3465,3701
3968,3465,3708
3969,3465,3757
3970,3465,3774
3971,3465,3836
3972,3465,3837
3973,3465,3918
3974,3465,3957
3975,3837,3437
3976,3837,3476
3977,3837,3612
3978,3837,3675
3979,3837,3701
3980,3837,3708
3981,3837,3757
3982,3837,3774
3983,3837,3836
3984,3837,3918
3985,3837,3957
3986,3822,3437
3987,3822,3458
3988,3822,3463
3989,3822,3569
3990,3822,3714
3991,3822,3718
3992,3822,3786
3993,3822,3792
3994,3822,3793
3995,3822,3833
3996,3822,3855
3997,3822,3869
3998,3822,3870
3999,3822,3896
4000,3822,3906
4001,3822,3951
4002,3822,3969
4003,3822,3976
4004,3786,3437
4005,3786,3524
4006,3786,3568
4007,3786,3593
4008,3786,3601
4009,3786,3645
4010,3786,3768
4011,3786,3793
4012,3786,3810
4013,3786,3906
4014,3786,3945
4015,3786,3947
4016,3447,3437
4017,3447,3580
4018,3447,3624
4019,3713,3437
4020,3713,3455
4021,3713,3526
4022,3713,3608
4023,3713,3735
4024,3713,3740
4025,3713,3862
4026,3569,3437
4027,3569,3458
4028,3569,3463
4029,3569,3509
4030,3569,3593
4031,3569,3714
4032,3569,3793
4033,3569,3803
4034,3569,3833
4035,3569,3869
4036,3569,3906
4037,3569,3947
4038,3569,3951
4039,3569,3969
4040,3688,3437
4041,3785,3437
4042,3785,3527
4043,3785,3576
4044,3785,3596
4045,3785,3605
4046,3785,3640
4047,3785,3658
4048,3785,3672
4049,3785,3731
4050,3785,3858
4051,3923,3437
4052,3923,3720
4053,3923,3787
4054,3923,3918
4055,3792,3437
4056,3792,3458
4057,3792,3584
4058,3792,3620
4059,3792,3711
4060,3792,3718
4061,3792,3882
4062,3792,3951
4063,3792,3969
4064,3455,3437
4065,3455,3470
4066,3455,3526
4067,3455,3553
4068,3455,3608
4069,3455,3685
4070,3455,3735
4071,3455,3740
4072,3455,3769
4073,3455,3850
4074,3455,3862
4075,3613,3437
4076,3613,3479
4077,3613,3481
4078,3613,3523
4079,3613,3594
4080,3613,3649
4081,3613,3830
4082,3613,3883
4083,3613,3898
4084,3613,3919
4085,3462,3437
4086,3462,3452
4087,3462,3559
4088,3462,3576
4089,3462,3596
4090,3462,3672
4091,3462,3762
4092,3462,3824
4093,3497,3437
4094,3497,3450
4095,3497,3518
4096,3497,3527
4097,3497,3528
4098,3497,3542
4099,3497,3543
4100,3497,3576
4101,3497,3596
4102,3497,3658
4103,3497,3672
4104,3497,3824
4105,3497,3902
4106,1085,862
4107,1085,3437
4108,1085,3456
4109,1085,3525
4110,1085,3550
4111,1085,3561
4112,1085,3577
4113,1085,3721
4114,1085,3750
4115,1085,3830
4116,1085,3943
4117,1085,3948
4118,3597,3437
4119,3726,3437
4120,3726,3464
4121,3726,3466
4122,3726,3529
4123,3726,3554
4124,3726,3738
4125,3726,3752
4126,3726,3829
4127,3726,3945
4128,3726,3956
4129,3726,3972
4130,3718,3437
4131,3718,3458
4132,3718,3509
4133,3718,3584
4134,3718,3593
4135,3718,3620
4136,3718,3643
4137,3718,3711
4138,3718,3793
4139,3718,3810
4140,3718,3833
4141,3718,3870
4142,3718,3896
4143,3718,3906
4144,3718,3947
4145,3718,3951
4146,3718,3969
4147,3774,3437
4148,3774,3476
4149,3774,3675
4150,3774,3701
4151,3774,3708
4152,3774,3757
4153,3774,3836
4154,3774,3899
4155,3774,3918
4156,3774,3957
4157,3595,3437
4158,3595,3473
4159,3595,3538
4160,3595,3912
4161,3828,3437
4162,3828,3576
4163,3828,3577
4164,3828,3596
4165,3828,3605
4166,3828,3640
4167,3828,3642
4168,3828,3658
4169,3524,3437
4170,3524,3535
4171,3524,3568
4172,3524,3584
4173,3524,3601
4174,3524,3645
4175,3524,3768
4176,3524,3906
4177,3846,3437
4178,3952,3437
4179,3952,3513
4180,3654,3437
4181,3654,3456
4182,3654,3697
4183,3654,3824
4184,3654,3830
4185,3843,3437
4186,3843,3568
4187,3843,3645
4188,3843,3825
4189,3843,3829
4190,3635,3437
4191,3635,3518
4192,3635,3542
4193,3635,3596
4194,3635,3605
4195,3635,3640
4196,3635,3670
4197,3635,3731
4198,3635,3830
4199,3635,3948
4200,3862,3437
4201,3862,3526
4202,3862,3608
4203,3862,3740
4204,3547,3437
4205,3547,3454
4206,3547,3548
4207,3547,3747
4208,3547,3750
4209,3649,3437
4210,3649,3479
4211,3649,3481
4212,3649,3523
4213,3649,3594
4214,3649,3830
4215,3649,3883
4216,3649,3898
4217,3649,3919
4218,3842,3437
4219,3842,3438
4220,3842,3456
4221,3842,3484
4222,3842,3491
4223,3842,3525
4224,3842,3577
4225,3842,3618
4226,3842,3656
4227,3842,3667
4228,3842,3697
4229,3842,3817
4230,3842,3830
4231,3842,3831
4232,3842,3873
4233,3842,3929
4234,3842,3948
4235,3842,3968
4236,3478,3437
4237,3478,3696
4238,3478,3747
4239,3478,3766
4240,3478,3776
4241,3478,3809
4242,3478,3960
4243,3528,3437
4244,3528,3450
4245,3528,3518
4246,3528,3527
4247,3528,3542
4248,3528,3559
4249,3528,3576
4250,3528,3596
4251,3528,3605
4252,3528,3640
4253,3528,3681
4254,3528,3687
4255,3528,3824
4256,3528,3858
4257,3948,862
4258,3948,3437
4259,3948,3449
4260,3948,3456
4261,3948,3525
4262,3948,3548
4263,3948,3577
4264,3948,3586
4265,3948,3596
4266,3948,3605
4267,3948,3656
4268,3948,3667
4269,3948,3670
4270,3948,3721
4271,3948,3734
4272,3948,3750
4273,3948,3760
4274,3948,3830
4275,3948,3873
4276,3948,3884
4277,3948,3929
4278,3948,3943
4279,3948,3944
4280,3948,3968
4281,3887,3437
4282,3887,3537
4283,3887,3809
4284,3849,3437
4285,3849,3444
4286,3849,3742
4287,3849,3904
4288,3760,3437
4289,3760,3438
4290,3760,3512
4291,3760,3586
4292,3760,3734
4293,3760,3830
4294,3620,3437
4295,3620,3584
4296,3620,3711
4297,3620,3714
4298,3620,3764
4299,3620,3810
4300,3620,3870
4301,3620,3906
4302,3620,3969
4303,3936,3437
4304,3936,3553
4305,3593,3437
4306,3593,3443
4307,3593,3458
4308,3593,3463
4309,3593,3509
4310,3593,3515
4311,3593,3568
4312,3593,3584
4313,3593,3601
4314,3593,3711
4315,3593,3714
4316,3593,3719
4317,3593,3738
4318,3593,3764
4319,3593,3768
4320,3593,3793
4321,3593,3810
4322,3593,3818
4323,3593,3829
4324,3593,3833
4325,3593,3855
4326,3593,3869
4327,3593,3906
4328,3593,3947
4329,3593,3951
4330,3596,3437
4331,3596,3449
4332,3596,3450
4333,3596,3452
4334,3596,3456
4335,3596,3518
4336,3596,3525
4337,3596,3542
4338,3596,3576
4339,3596,3577
4340,3596,3586
4341,3596,3605
4342,3596,3640
4343,3596,3642
4344,3596,3658
4345,3596,3670
4346,3596,3672
4347,3596,3681
4348,3596,3687
4349,3596,3721
4350,3596,3731
4351,3596,3734
4352,3596,3750
4353,3596,3762
4354,3596,3824
4355,3596,3830
4356,3596,3858
4357,3596,3884
4358,3596,3889
4359,3596,3902
4360,3596,3913
4361,3596,3943
4362,3441,3437
4363,3441,3538
4364,3441,3546
4365,3441,3949
4366,3954,3437
4367,3954,3733
4368,3954,3742
4369,3714,3437
4370,3714,3463
4371,3714,3509
4372,3714,3793
4373,3714,3803
4374,3714,3829
4375,3714,3833
4376,3714,3869
4377,3714,3870
4378,3714,3906
4379,3714,3951
4380,3689,3437
4381,3689,3721
4382,3451,3437
4383,3811,3437
4384,3811,3546
4385,3811,3949
4386,3883,3437
4387,3883,3479
4388,3883,3481
4389,3883,3523
4390,3883,3594
4391,3883,3830
4392,3883,3898
4393,3883,3919
4394,3509,3437
4395,3509,3793
4396,3509,3803
4397,3509,3833
4398,3509,3855
4399,3509,3869
4400,3509,3896
4401,3509,3906
4402,3509,3947
4403,3509,3951
4404,3452,3437
4405,3452,3576
4406,3452,3658
4407,3452,3824
4408,3452,3902
4409,3553,3437
4410,3553,3470
4411,3553,3482
4412,3553,3526
4413,3553,3644
4414,3553,3685
4415,3553,3698
4416,3553,3769
4417,865,862
4418,3830,3437
4419,3830,3449
4420,3830,3456
4421,3830,3457
4422,3830,3467
4423,3830,3479
4424,3830,3480
4425,3830,3481
4426,3830,3502
4427,3830,3512
4428,3830,3518
4429,3830,3523
4430,3830,3552
4431,3830,3576
4432,3830,3577
4433,3830,3586
4434,3830,3594
4435,3830,3605
4436,3830,3656
4437,3830,3670
4438,3830,3687
4439,3830,3697
4440,3830,3700
4441,3830,3721
4442,3830,3734
4443,3830,3744
4444,3830,3750
4445,3830,3813
4446,3830,3824
4447,3830,3831
4448,3830,3858
4449,3830,3873
4450,3830,3898
4451,3830,3902
4452,3830,3913
4453,3830,3918
4454,3830,3919
4455,3830,3943
4456,3830,3957
4457,3830,3968
4458,3830,3970
4459,3708,3437
4460,3708,3476
4461,3708,3675
4462,3708,3757
4463,3708,3836
4464,3708,3918
4465,3708,3957
4466,3912,3437
4467,3912,3473
4468,3912,3538
4469,3912,3819
4470,3912,3874
4471,3845,3437
4472,3845,3491
4473,3845,3672
4474,3845,3902
4475,3566,3437
4476,3566,3487
4477,3566,3511
4478,3566,3515
4479,3566,3961
4480,3690,3437
4481,3690,3494
4482,3690,3539
4483,3690,3564
4484,3690,3584
4485,3690,3768
4486,3690,3803
4487,3690,3821
4488,3690,3869
4489,3690,3870
4490,3690,3878
4491,3690,3895
4492,3690,3946
4493,3690,3955
4494,3885,3437
4495,3885,3801
4496,3467,3437
4497,3905,3437
4498,3905,3490
4499,3905,3580
4500,3905,3624
4501,3960,3437
4502,3960,3696
4503,3960,3747
4504,3960,3776
4505,3960,3809
4506,3525,3437
4507,3525,3512
4508,3525,3550
4509,3525,3577
4510,3525,3656
4511,3525,3721
4512,3525,3734
4513,3525,3873
4514,3525,3889
4515,3525,3968
4516,3525,3970
4517,3685,3437
4518,3685,3482
4519,3685,3526
4520,3685,3644
4521,3685,3698
4522,3685,3850
4523,3747,3437
4524,3747,3644
4525,3747,3696
4526,3747,3698
4527,3747,3766
4528,3747,3776
4529,3747,3809
4530,3899,3437
4531,3899,3675
4532,3899,3757
4533,3899,3836
4534,3899,3957
4535,3698,3437
4536,3698,3482
4537,3698,3526
4538,3698,3644
4539,3698,3850
4540,3550,862
4541,3550,3437
4542,3550,3520
4543,3550,3552
4544,3550,3667
4545,3550,3672
4546,3550,3968
4547,3458,3437
4548,3458,3584
4549,3458,3643
4550,3458,3711
4551,3458,3719
4552,3458,3793
4553,3458,3810
4554,3458,3951
4555,3458,3969
4556,3809,3437
4557,3809,3476
4558,3809,3766
4559,3809,3776
4560,3929,3437
4561,3929,3512
4562,3929,3577
4563,3929,3656
4564,3929,3734
4565,3476,3437
4566,3476,3675
4567,3476,3701
4568,3476,3757
4569,3476,3836
4570,3476,3957
4571,3583,3437
4572,3583,3464
4573,3583,3466
4574,3583,3494
4575,3583,3539
4576,3583,3825
4577,3583,3869
4578,3652,3437
4579,3652,3466
4580,3652,3489
4581,3652,3825
4582,3511,3437
4583,3511,3515
4584,3511,3671
4585,3511,3719
4586,3511,3738
4587,3511,3763
4588,3511,3821
4589,3511,3896
4590,3511,3904
4591,3768,3437
4592,3768,3568
4593,3768,3584
4594,3768,3601
4595,3768,3671
4596,3768,3793
4597,3768,3810
4598,3768,3818
4599,3768,3906
4600,3768,3945
4601,3768,3947
4602,3531,3437
4603,3531,3446
4604,3531,3490
4605,3531,3546
4606,3531,3863
4607,3531,3949
4608,3482,3437
4609,3482,3644
4610,3482,3850
4611,3810,3437
4612,3810,3568
4613,3810,3584
4614,3810,3612
4615,3810,3643
4616,3810,3711
4617,3810,3719
4618,3810,3763
4619,3810,3764
4620,3810,3793
4621,3810,3833
4622,3810,3855
4623,3810,3896
4624,3810,3906
4625,3810,3947
4626,3810,3951
4627,3437,862
4628,3437,3438
4629,3437,3443
4630,3437,3444
4631,3437,3445
4632,3437,3446
4633,3437,3449
4634,3437,3450
4635,3437,3453
4636,3437,3454
4637,3437,3456
4638,3437,3457
4639,3437,3459
4640,3437,3461
4641,3437,3463
4642,3437,3464
4643,3437,3466
4644,3437,3470
4645,3437,3473
4646,3437,3477
4647,3437,3479
4648,3437,3480
4649,3437,3481
4650,3437,3484
4651,3437,3487
4652,3437,3489
4653,3437,3490
4654,3437,3491
4655,3437,3494
4656,3437,3502
4657,3437,3512
4658,3437,3513
4659,3437,3515
4660,3437,3518
4661,3437,3520
4662,3437,3522
4663,3437,3523
4664,3437,3526
4665,3437,3527
4666,3437,3529
4667,3437,3532
4668,3437,3535
4669,3437,3537
4670,3437,3538
4671,3437,3539
4672,3437,3542
4673,3437,3543
4674,3437,3546
4675,3437,3548
4676,3437,3552
4677,3437,3554
4678,3437,3559
4679,3437,3561
4680,3437,3564
4681,3437,3568
4682,3437,3570
4683,3437,3576
4684,3437,3577
4685,3437,3580
4686,3437,3584
4687,3437,3586
4688,3437,3594
4689,3437,3601
4690,3437,3605
4691,3437,3608
4692,3437,3610
4693,3437,3612
4694,3437,3618
4695,3437,3624
4696,3437,3632
4697,3437,3637
4698,3437,3640
4699,3437,3642
4700,3437,3643
4701,3437,3644
4702,3437,3645
4703,3437,3647
4704,3437,3656
4705,3437,3658
4706,3437,3667
4707,3437,3668
4708,3437,3670
4709,3437,3671
4710,3437,3672
4711,3437,3675
4712,3437,3678
4713,3437,3681
4714,3437,3687
4715,3437,3696
4716,3437,3697
4717,3437,3700
4718,3437,3701
4719,3437,3704
4720,3437,3709
4721,3437,3711
4722,3437,3719
4723,3437,3720
4724,3437,3721
4725,3437,3729
4726,3437,3731
4727,3437,3733
4728,3437,3734
4729,3437,3735
4730,3437,3738
4731,3437,3740
4732,3437,3742
4733,3437,3744
4734,3437,3745
4735,3437,3748
4736,3437,3750
4737,3437,3752
4738,3437,3754
4739,3437,3757
4740,3437,3762
4741,3437,3763
4742,3437,3764
4743,3437,3766
4744,3437,3769
4745,3437,3772
4746,3437,3776
4747,3437,3787
4748,3437,3793
4749,3437,3796
4750,3437,3801
4751,3437,3803
4752,3437,3807
4753,3437,3808
4754,3437,3813
4755,3437,3817
4756,3437,3818
4757,3437,3819
4758,3437,3820
4759,3437,3821
4760,3437,3824
4761,3437,3825
4762,3437,3829
4763,3437,3831
4764,3437,3833
4765,3437,3836
4766,3437,3844
4767,3437,3847
4768,3437,3848
4769,3437,3850
4770,3437,3855
4771,3437,3858
4772,3437,3859
4773,3437,3863
4774,3437,3869
4775,3437,3870
4776,3437,3873
4777,3437,3874
4778,3437,3878
4779,3437,3879
4780,3437,3882
4781,3437,3884
4782,3437,3889
4783,3437,3893
4784,3437,3895
4785,3437,3896
4786,3437,3898
4787,3437,3902
4788,3437,3904
4789,3437,3906
4790,3437,3913
4791,3437,3916
4792,3437,3918
4793,3437,3919
4794,3437,3937
4795,3437,3939
4796,3437,3942
4797,3437,3943
4798,3437,3944
4799,3437,3945
4800,3437,3946
4801,3437,3947
4802,3437,3949
4803,3437,3951
4804,3437,3953
4805,3437,3955
4806,3437,3956
4807,3437,3957
4808,3437,3961
4809,3437,3965
4810,3437,3968
4811,3437,3969
4812,3437,3970
4813,3437,3972
4814,3437,3976
4815,3437,3977
4816,3437,3979
4817,3874,3473
4818,3874,3538
4819,3874,3819
4820,3913,3450
4821,3913,3731
4822,3913,3824
4823,3913,3858
4824,3446,3490
4825,3446,3546
4826,3446,3580
4827,3446,3624
4828,3446,3863
4829,3873,3449
4830,3873,3456
4831,3873,3484
4832,3873,3512
4833,3873,3577
4834,3873,3618
4835,3873,3667
4836,3873,3721
4837,3873,3734
4838,3873,3824
4839,3873,3902
4840,3873,3943
4841,3873,3968
4842,3825,3459
4843,3825,3489
4844,3825,3535
4845,3825,3561
4846,3825,3564
4847,3825,3568
4848,3825,3601
4849,3825,3612
4850,3825,3764
4851,3825,3793
4852,3825,3821
4853,3825,3893
4854,3772,3610
4855,3772,3847
4856,3772,3968
4857,3601,3464
4858,3601,3529
4859,3601,3535
4860,3601,3568
4861,3601,3645
4862,3601,3818
4863,3601,3906
4864,3656,3577
4865,3656,3667
4866,3656,3734
4867,3656,3750
4868,3656,3968
4869,3464,3443
4870,3464,3466
4871,3464,3529
4872,3464,3554
4873,3464,3612
4874,3464,3668
4875,3464,3738
4876,3464,3764
4877,3464,3829
4878,3464,3895
4879,3464,3945
4880,3464,3956
4881,3752,3443
4882,3752,3529
4883,3752,3554
4884,3752,3561
4885,3752,3738
4886,3752,3764
4887,3752,3829
4888,3752,3937
4889,3752,3945
4890,3752,3972
4891,3979,3522
4892,3979,3610
4893,3979,3847
4894,3906,3443
4895,3906,3463
4896,3906,3529
4897,3906,3568
4898,3906,3584
4899,3906,3793
4900,3906,3803
4901,3906,3821
4902,3906,3833
4903,3906,3869
4904,3906,3870
4905,3906,3937
4906,3906,3969
4907,3906,3976
4908,3463,3793
4909,3463,3869
4910,3463,3947
4911,3463,3951
4912,3450,3605
4913,3450,3642
4914,3450,3672
4915,3450,3731
4916,3850,3526
4917,3850,3644
4918,3454,3586
4919,3454,3605
4920,3454,3642
4921,3833,3584
4922,3833,3643
4923,3833,3793
4924,3833,3869
4925,3833,3896
4926,3833,3947
4927,3833,3951
4928,3833,3969
4929,3833,3976
4930,3947,3529
4931,3947,3568
4932,3947,3584
4933,3947,3793
4934,3947,3821
4935,3947,3869
4936,3947,3870
4937,3947,3951
4938,3947,3976
4939,3554,3443
4940,3554,3466
4941,3554,3529
4942,3554,3561
4943,3554,3829
4944,3554,3945
4945,3554,3956
4946,3554,3972
4947,3610,3532
4948,3610,3764
4949,3610,3847
4950,3610,3953
4951,3893,3584
4952,3893,3612
4953,3893,3836
4954,3969,3584
4955,3969,3711
4956,3969,3896
4957,3969,3951
4958,3817,3484
4959,3817,3542
4960,3817,3831
4961,3951,3584
4962,3951,3643
4963,3951,3711
4964,3951,3719
4965,3951,3793
4966,3951,3870
4967,3951,3896
4968,3535,3532
4969,3535,3584
4970,3535,3645
4971,3535,3821
4972,3700,3502
4973,3700,3813
4974,3836,3612
4975,3836,3675
4976,3836,3701
4977,3836,3757
4978,3836,3918
4979,3836,3957
4980,3870,3584
4981,3870,3643
4982,3870,3711
4983,3870,3793
4984,3870,3859
4985,3870,3869
4986,3870,3896
4987,3918,3632
4988,3918,3647
4989,3918,3720
4990,3918,3757
4991,3918,3848
4992,3918,3879
4993,3918,3957
4994,3479,3481
4995,3479,3523
4996,3479,3594
4997,3479,3898
4998,3479,3919
4999,3844,3848
5000,3863,3490
5001,3863,3546
5002,3863,3624
5003,3512,3577
5004,3484,3568
5005,3484,3831
5006,3484,3968
5007,3878,3564
5008,3878,3821
5009,3438,3449
5010,3438,3456
5011,3438,3480
5012,3438,3491
5013,3438,3522
5014,3438,3586
5015,3438,3734
5016,3858,3456
5017,3858,3518
5018,3858,3576
5019,3858,3640
5020,3858,3670
5021,3858,3687
5022,3858,3697
5023,3858,3721
5024,3858,3731
5025,3858,3824
5026,3858,3884
5027,3942,3561
5028,3776,3696
5029,3776,3766
5030,3577,862
5031,3577,3449
5032,3577,3456
5033,3577,3576
5034,3577,3586
5035,3577,3618
5036,3577,3642
5037,3577,3721
5038,3577,3734
5039,3577,3889
5040,3577,3943
5041,3577,3944
5042,3577,3968
5043,862,3456
5044,862,3586
5045,862,3721
5046,3526,3520
5047,3526,3543
5048,3526,3559
5049,3526,3769
5050,3526,3831
5051,3937,3443
5052,3937,3466
5053,3937,3529
5054,3937,3612
5055,3937,3738
5056,3937,3945
5057,3902,3518
5058,3902,3527
5059,3902,3542
5060,3902,3559
5061,3902,3576
5062,3902,3667
5063,3902,3672
5064,3902,3731
5065,3902,3762
5066,3902,3824
5067,3902,3884
5068,3821,3466
5069,3821,3564
5070,3821,3584
5071,3821,3671
5072,3821,3738
5073,3821,3764
5074,3821,3803
5075,3821,3829
5076,3757,3675
5077,3757,3701
5078,3757,3957
5079,3632,3720
5080,3632,3787
5081,3813,3502
5082,3961,3487
5083,3445,3538
5084,3445,3819
5085,3764,3568
5086,3764,3584
5087,3764,3612
5088,3764,3645
5089,3764,3719
5090,3764,3793
5091,3764,3818
5092,3764,3895
5093,3764,3972
5094,3763,3459
5095,3763,3584
5096,3763,3793
5097,3734,3449
5098,3734,3456
5099,3734,3480
5100,3734,3586
5101,3734,3618
5102,3734,3640
5103,3734,3667
5104,3734,3824
5105,3734,3884
5106,3734,3968
5107,3831,3456
5108,3831,3457
5109,3831,3461
5110,3831,3559
5111,3831,3697
5112,3831,3750
5113,3831,3824
5114,3831,3884
5115,3831,3968
5116,3896,3584
5117,3896,3643
5118,3896,3711
5119,3896,3793
5120,3896,3818
5121,3896,3976
5122,3720,3787
5123,3796,3449
5124,3796,3470
5125,3796,3586
5126,3796,3721
5127,3473,3538
5128,3473,3819
5129,3681,3559
5130,3889,3449
5131,3889,3586
5132,3889,3943
5133,3667,3480
5134,3667,3520
5135,3667,3968
5136,3976,3584
5137,3976,3643
5138,3976,3793
5139,3976,3855
5140,3543,3542
5141,3543,3576
5142,3543,3605
5143,3543,3859
5144,3491,3449
5145,3491,3480
5146,3491,3586
5147,3491,3968
5148,3457,3944
5149,3671,3793
5150,3671,3882
5151,3731,3559
5152,3731,3576
5153,3731,3605
5154,3731,3640
5155,3731,3642
5156,3731,3658
5157,3731,3670
5158,3731,3687
5159,3731,3762
5160,3731,3824
5161,3731,3884
5162,3670,3518
5163,3670,3576
5164,3670,3605
5165,3670,3640
5166,3670,3687
5167,3670,3824
5168,3594,3481
5169,3594,3523
5170,3594,3898
5171,3829,3443
5172,3829,3466
5173,3829,3515
5174,3829,3529
5175,3829,3532
5176,3829,3668
5177,3829,3738
5178,3829,3945
5179,3829,3956
5180,3829,3972
5181,3916,3847
5182,3750,3456
5183,3750,3618
5184,3750,3884
5185,3750,3968
5186,3735,3608
5187,3735,3740
5188,3738,3443
5189,3738,3466
5190,3738,3529
5191,3738,3561
5192,3738,3668
5193,3738,3754
5194,3738,3859
5195,3738,3945
5196,3738,3956
5197,3738,3972
5198,3949,3546
5199,3949,3624
5200,3949,3745
5201,3855,3515
5202,3855,3643
5203,3612,3561
5204,3612,3869
5205,3612,3895
5206,3612,3945
5207,3847,3477
5208,3847,3953
5209,3740,3608
5210,3740,3977
5211,3965,3701
5212,3539,3584
5213,3539,3678
5214,3539,3895
5215,3539,3904
5216,3904,3444
5217,3904,3584
5218,3803,3532
5219,3803,3561
5220,3803,3564
5221,3803,3793
5222,3803,3869
5223,3443,3466
5224,3443,3529
5225,3443,3645
5226,3443,3859
5227,3443,3956
5228,3443,3972
5229,3919,3481
5230,3919,3523
5231,3919,3898
5232,3819,3538
5233,3956,3466
5234,3956,3529
5235,3956,3532
5236,3956,3668
5237,3956,3945
5238,3956,3972
5239,3711,3584
5240,3711,3643
5241,3711,3719
5242,3640,3518
5243,3640,3576
5244,3640,3605
5245,3640,3642
5246,3640,3687
5247,3640,3762
5248,3640,3824
5249,3640,3884
5250,3546,3490
5251,3546,3580
5252,3546,3624
5253,3546,3939
5254,3605,3518
5255,3605,3576
5256,3605,3672
5257,3605,3687
5258,3605,3824
5259,3898,3481
5260,3898,3502
5261,3898,3523
5262,3480,3449
5263,3480,3586
5264,3480,3968
5265,3762,3456
5266,3762,3559
5267,3762,3687
5268,3762,3824
5269,3762,3884
5270,3957,3675
5271,3957,3701
5272,3824,3456
5273,3824,3518
5274,3824,3542
5275,3824,3576
5276,3824,3687
5277,3824,3697
5278,3824,3884
5279,3945,3459
5280,3945,3466
5281,3945,3529
5282,3945,3561
5283,3945,3668
5284,3945,3972
5285,3529,3459
5286,3529,3466
5287,3529,3568
5288,3529,3668
5289,3529,3793
5290,3529,3869
5291,3529,3972
5292,3672,3520
5293,3672,3527
5294,3672,3542
5295,3672,3552
5296,3742,3444
5297,3580,3490
5298,3721,3449
5299,3721,3968
5300,3944,3559
5301,3449,3456
5302,3449,3586
5303,3449,3618
5304,3449,3943
5305,3477,3637
5306,3793,3459
5307,3793,3568
5308,3793,3584
5309,3793,3818
5310,3542,3518
5311,3542,3527
5312,3542,3559
5313,3542,3658
5314,3542,3687
5315,3532,3564
5316,3818,3568
5317,3818,3584
5318,3769,3470
5319,3769,3977
5320,3559,3461
5321,3559,3576
5322,3559,3884
5323,3943,3456
5324,3568,3564
5325,3568,3645
5326,3645,3459
5327,3697,3456
5328,3697,3586
5329,3697,3884
5330,3459,3564
5331,3968,3456
5332,3968,3461
5333,3968,3618
5334,3968,3884
5335,3461,3456
5336,3884,3456
5337,3884,3687
5338,3490,3624
5339,3678,3564
5340,3576,3642
5341,3576,3658
5342,3584,3643
5343,3584,3719
5344,3658,3642
5345,3643,3719
5346,3643,3895
5347,3618,3456
5348,3687,3456
5349,3687,3518
5350,3668,3466
5351,3470,3520
5352,3586,3456
5353,3895,3719
5354,3466,3972
5355,3564,3719
