,node,eign,closeness,betwness,centrality,community,density
340,3134,4.640220929815575e-08,0.2824763903462749,0.0,2,0,0.23317307692307693
450,3305,4.767921599230553e-08,0.28253568429890846,1.1976764166115192e-07,5,0,0.23317307692307693
364,3175,4.8248908782396294e-08,0.2825554544818417,7.66805022830546e-09,6,0,0.23317307692307693
380,3197,4.975643673981814e-08,0.28259500314927566,3.680664109586621e-07,8,0,0.23317307692307693
110,2709,5.060207746693124e-08,0.2826741337066853,1.6186158596205925e-06,12,0,0.23317307692307693
123,2727,5.4069013209739036e-08,0.2826939232707925,1.8494288528419322e-06,13,0,0.23317307692307693
483,3352,5.21647074478055e-08,0.2826939232707925,2.930150182479214e-08,13,0,0.23317307692307693
211,2876,5.361578880768919e-08,0.28271371560596514,1.0387072122728543e-06,14,0,0.23317307692307693
285,3048,5.233394928228831e-08,0.2827335107127853,1.7922417095332896e-06,15,0,0.23317307692307693
291,3058,5.319927795848631e-08,0.2827335107127853,5.603616559822294e-08,15,0,0.23317307692307693
487,3357,5.358261689642985e-08,0.2827335107127853,1.4162717801936694e-06,15,0,0.23317307692307693
314,3093,5.360762306693926e-08,0.2827533085918353,1.3058427802505136e-06,16,0,0.23317307692307693
499,3374,5.2308220062616446e-08,0.2827533085918353,2.5230076122618767e-06,16,0,0.23317307692307693
283,3043,5.997477316610123e-08,0.2827731092436975,2.637809669066756e-06,17,0,0.23317307692307693
323,3110,5.623070987445146e-08,0.2827731092436975,2.448537669044575e-06,17,0,0.23317307692307693
378,3194,5.446442230422491e-08,0.2827731092436975,5.486614093952765e-07,17,0,0.23317307692307693
322,3109,5.4653239675572845e-08,0.2827929126689544,1.0867518230742396e-06,18,0,0.23317307692307693
265,3009,5.641819739543425e-08,0.2828127188681888,2.6934199716120415e-06,19,0,0.23317307692307693
341,3138,5.377737595413079e-08,0.2828127188681888,2.8572828520268634e-06,19,0,0.23317307692307693
452,3307,5.522074521781717e-08,0.2828127188681888,3.706262834309826e-06,19,0,0.23317307692307693
505,3380,5.7875151500296945e-08,0.2828523395909218,2.6831945373842544e-06,20,0,0.23317307692307693
526,3421,5.6932051999577734e-08,0.2828325278419836,2.3066301981139138e-06,20,0,0.23317307692307693
99,2687,5.73334104697922e-08,0.2828523395909218,3.693808879673279e-07,21,0,0.23317307692307693
166,2803,5.848729916967274e-08,0.2828721541155867,5.696892674003728e-06,22,0,0.23317307692307693
451,3306,6.00481030093875e-08,0.2828721541155867,3.1040002334521523e-06,22,0,0.23317307692307693
394,3215,5.881388883619761e-08,0.28293161434977576,5.9147044474091415e-06,23,0,0.23317307692307693
52,3178,8.835194965794589e-08,0.28320942628699675,1.7309235753338055e-05,24,0,0.23317307692307693
160,2795,6.044743695235099e-08,0.28291179149443,7.3075443389528185e-06,24,0,0.23317307692307693
175,2819,6.138002458330864e-08,0.28291179149443,5.447287143528717e-06,24,0,0.23317307692307693
267,3013,5.749918381223301e-08,0.28291179149443,1.1508885615168398e-06,24,0,0.23317307692307693
389,3209,5.811520083235287e-08,0.28291179149443,8.065623748025165e-07,24,0,0.23317307692307693
391,3211,5.940243808746717e-08,0.28293161434977576,8.577076516799013e-06,24,0,0.23317307692307693
436,3279,6.35964313614684e-08,0.28293161434977576,9.386034451909138e-06,24,0,0.23317307692307693
80,3319,8.565193648209916e-08,0.2831498492391838,1.188501708162043e-05,26,0,0.23317307692307693
282,3041,6.141022422647691e-08,0.28297126839523473,4.0460219186267036e-06,26,0,0.23317307692307693
193,2846,5.941897328165587e-08,0.28297126839523473,1.4347501508722555e-06,27,0,0.23317307692307693
421,3260,6.180272818660097e-08,0.28299109958651625,3.5134869989330004e-06,28,0,0.23317307692307693
384,3203,6.653708858035489e-08,0.28305060984158137,7.77061199323306e-06,31,0,0.23317307692307693
90,2668,6.101161185838434e-08,0.2831101451307579,1.5003185021157704e-05,32,0,0.23317307692307693
136,2751,6.460451179427525e-08,0.2831299957930164,1.016215970263595e-05,32,0,0.23317307692307693
456,3313,6.440132532264576e-08,0.28307045215562565,8.082344631909209e-06,32,0,0.23317307692307693
144,2772,6.198536783646498e-08,0.2831101451307579,1.5743534364841535e-05,34,0,0.23317307692307693
392,3212,6.5636908307835e-08,0.2831299957930164,4.84586739575871e-06,35,0,0.23317307692307693
284,3046,6.744983305499412e-08,0.2831697054698457,9.016214224383529e-06,36,0,0.23317307692307693
259,2996,6.942649879341196e-08,0.28320942628699675,1.3916525438959534e-05,37,0,0.23317307692307693
224,2914,7.310714129771393e-08,0.28324915824915825,1.3057321909096929e-05,40,0,0.23317307692307693
51,3034,1.0846461374935454e-07,0.28356741573033706,3.431494961221188e-05,42,0,0.23317307692307693
153,2785,7.144830977617973e-08,0.283308777099558,1.554136361506639e-05,44,0,0.23317307692307693
119,2720,8.017424478928e-08,0.2834081976417743,9.22523908259384e-06,49,0,0.23317307692307693
312,3089,8.199341481067249e-08,0.2834678834678835,1.6460744592870164e-05,51,0,0.23317307692307693
373,3188,7.81468007373865e-08,0.28344798539941035,1.304990660648866e-05,51,0,0.23317307692307693
401,3224,8.296973806192057e-08,0.2835275944389833,1.2376339201114155e-05,54,0,0.23317307692307693
149,2780,8.355922162319202e-08,0.2836072482090181,3.745659657125518e-05,59,0,0.23317307692307693
448,3299,8.184369510979034e-08,0.2836271686450797,1.978417610643879e-05,60,0,0.23317307692307693
477,3345,8.394129865070455e-08,0.2837268128161889,2.16786672537001e-05,64,0,0.23317307692307693
407,3240,8.994910700243751e-08,0.28374675005270183,2.024880905609695e-05,66,0,0.23317307692307693
474,3342,8.716800798603529e-08,0.283786632932743,3.7793556950473624e-05,67,0,0.23317307692307693
47,3406,1.8396473571070541e-07,0.28440625440202844,9.239796374663145e-05,69,0,0.23317307692307693
459,3321,8.6626000449061e-08,0.2838065785774529,2.1721549040220376e-05,69,0,0.23317307692307693
223,2904,8.63257752900414e-08,0.2838664323374341,4.102386146547192e-05,71,0,0.23317307692307693
342,3140,8.760332426556066e-08,0.28384647827920706,4.983263438161055e-05,71,0,0.23317307692307693
135,2748,9.429245197576572e-08,0.28392631134861485,3.494911700760196e-05,73,0,0.23317307692307693
490,3360,9.409230924365161e-08,0.2839063488715461,3.7613800099306355e-05,74,0,0.23317307692307693
280,3038,1.0243134774674006e-07,0.2841860792455486,3.9039154957137206e-05,88,0,0.23317307692307693
116,2716,1.0809314874265093e-07,0.28432615124630334,6.263063511818003e-05,95,0,0.23317307692307693
261,2998,4.692764358599764e-08,0.2824961522317056,4.089626788429578e-08,3,1,0.12518628912071536
129,2736,4.957275354169542e-08,0.28253568429890846,0.0,5,1,0.12518628912071536
531,3429,4.805622437724994e-08,0.28253568429890846,3.067220091322184e-08,5,1,0.12518628912071536
170,2811,5.0501255087618976e-08,0.2825752274317705,3.419706971658257e-07,7,1,0.12518628912071536
461,3323,4.9351204564306295e-08,0.2825752274317705,1.6417942724030493e-07,7,1,0.12518628912071536
508,3389,5.040573659942414e-08,0.2825752274317705,7.361328219173241e-08,7,1,0.12518628912071536
528,3424,5.0300410705613225e-08,0.2825752274317705,1.533610045661092e-08,7,1,0.12518628912071536
216,2893,4.8721820256656846e-08,0.28259500314927566,8.967967314627717e-07,8,1,0.12518628912071536
219,2898,5.083818000860762e-08,0.28259500314927566,4.62074715056329e-08,8,1,0.12518628912071536
501,3376,4.845627706911851e-08,0.28259500314927566,0.0,8,1,0.12518628912071536
515,3401,4.845627706911851e-08,0.28259500314927566,0.0,8,1,0.12518628912071536
167,2804,4.984174218366512e-08,0.2826147816349384,5.846593374074132e-07,9,1,0.12518628912071536
238,2942,5.256902954261637e-08,0.28263456288933997,7.25567952713881e-07,9,1,0.12518628912071536
471,3338,4.894179259578238e-08,0.2826147816349384,1.2157345089240656e-07,9,1,0.12518628912071536
530,3427,4.894179259578238e-08,0.2826147816349384,1.2157345089240656e-07,9,1,0.12518628912071536
164,2801,5.031005879729351e-08,0.28263456288933997,1.7927342976338568e-07,10,1,0.12518628912071536
229,2926,4.9216803164682935e-08,0.28263456288933997,4.345228462706427e-07,10,1,0.12518628912071536
311,3088,5.090122025463178e-08,0.28263456288933997,8.486153395851743e-07,10,1,0.12518628912071536
316,3099,4.937020976109044e-08,0.28263456288933997,4.3160168427890724e-07,10,1,0.12518628912071536
524,3418,7.331260709049695e-08,0.28263456288933997,5.159790058098829e-07,10,1,0.12518628912071536
529,3425,4.9496485891208006e-08,0.28263456288933997,5.371043182137512e-07,10,1,0.12518628912071536
172,2816,5.101744764764113e-08,0.28265434691306174,3.181145408999865e-07,11,1,0.12518628912071536
212,2878,5.279637259750447e-08,0.28265434691306174,1.014011590767976e-06,11,1,0.12518628912071536
488,3358,5.3394458402193546e-08,0.28265434691306174,7.621709275758589e-07,11,1,0.12518628912071536
122,2723,5.135086543809993e-08,0.2826741337066853,1.0028393377657852e-06,12,1,0.12518628912071536
157,2791,5.0994644563732806e-08,0.2826741337066853,1.9048092156019167e-06,12,1,0.12518628912071536
194,2847,7.857156628077801e-08,0.2826741337066853,1.9580548830602476e-06,12,1,0.12518628912071536
375,3190,5.247299977253496e-08,0.2826741337066853,9.355994999196572e-07,12,1,0.12518628912071536
480,3349,5.092149638451422e-08,0.2826741337066853,8.446053038770991e-07,12,1,0.12518628912071536
133,2744,7.462471904391729e-08,0.2828325278419836,2.540599151785725e-06,13,1,0.12518628912071536
134,2747,7.417986526534008e-08,0.2826939232707925,7.347528711503455e-07,13,1,0.12518628912071536
243,2954,5.278982109241549e-08,0.2826939232707925,1.5156448994119192e-06,13,1,0.12518628912071536
296,3067,5.232107500690654e-08,0.2826939232707925,2.2968123020351643e-06,13,1,0.12518628912071536
354,3156,5.550094191781042e-08,0.2826939232707925,7.749957319446277e-07,13,1,0.12518628912071536
143,2771,5.302492027239878e-08,0.28271371560596514,7.403729328083582e-07,14,1,0.12518628912071536
350,3151,5.3914500019936094e-08,0.28271371560596514,1.3546745115562907e-06,14,1,0.12518628912071536
413,3249,5.224267192064685e-08,0.28271371560596514,1.3957528690415208e-06,14,1,0.12518628912071536
1,3173,3.6893011619284767e-06,0.3061410159211524,0.0007799929889935928,15,1,0.12518628912071536
106,2700,5.3490741745678155e-08,0.2827335107127853,3.9875321768184254e-06,15,1,0.12518628912071536
355,3157,5.560466610708429e-08,0.2827335107127853,2.6407569827444155e-06,15,1,0.12518628912071536
388,3208,5.2055011560524965e-08,0.2827335107127853,2.7082092825379013e-06,15,1,0.12518628912071536
409,3242,5.222450872536878e-08,0.2827335107127853,2.6959146272138624e-06,15,1,0.12518628912071536
462,3326,5.350743377041958e-08,0.2827533085918353,3.013017556057586e-06,15,1,0.12518628912071536
507,3383,5.451170508271022e-08,0.2827731092436975,3.0231561671242395e-06,15,1,0.12518628912071536
516,3402,5.169938253376204e-08,0.2827335107127853,1.3887511599446125e-06,15,1,0.12518628912071536
46,3404,1.451236105444001e-07,0.2833684210526316,1.7474674629940415e-05,16,1,0.12518628912071536
201,2858,5.5498652951645925e-08,0.2827731092436975,3.4749213593050742e-06,16,1,0.12518628912071536
287,3050,5.3053274286534994e-08,0.2827533085918353,1.8919788510602684e-06,16,1,0.12518628912071536
344,3144,5.370246730703371e-08,0.2827533085918353,3.1214457779871824e-06,16,1,0.12518628912071536
377,3192,5.587657910137807e-08,0.2827533085918353,8.311796509267782e-07,16,1,0.12518628912071536
359,3167,5.594608224158349e-08,0.2827731092436975,1.2924246890701131e-06,17,1,0.12518628912071536
455,3312,5.345872932315483e-08,0.2827731092436975,1.3661429088525663e-06,17,1,0.12518628912071536
183,2831,5.612967785263542e-08,0.2827929126689544,2.2307630590008197e-06,18,1,0.12518628912071536
199,2856,5.751881789159798e-08,0.2827929126689544,3.4978037949070014e-06,18,1,0.12518628912071536
58,3289,3.721090069598751e-07,0.28632205913635395,3.8977717921186166e-05,19,1,0.12518628912071536
128,2735,7.874011619605493e-08,0.2828127188681888,4.6934896050138985e-06,19,1,0.12518628912071536
362,3171,5.537894235783096e-08,0.2828127188681888,4.020422934143111e-06,19,1,0.12518628912071536
374,3189,5.790919304175844e-08,0.2828127188681888,1.5325602765890524e-06,19,1,0.12518628912071536
464,3329,5.454702987314995e-08,0.2828127188681888,3.850276770067601e-06,19,1,0.12518628912071536
510,3393,5.50885678923171e-08,0.2828127188681888,3.810928769223167e-06,19,1,0.12518628912071536
77,2938,8.127598738163597e-08,0.28303077030910495,9.05121360950803e-06,20,1,0.12518628912071536
89,2667,5.3953299414404324e-08,0.2828325278419836,4.3113567723040054e-06,20,1,0.12518628912071536
179,2825,8.257163407804114e-08,0.2831299957930164,1.1967015839475613e-05,20,1,0.12518628912071536
202,2859,6.058801549200506e-08,0.2828325278419836,2.646854156165683e-06,20,1,0.12518628912071536
225,2918,7.893742728392383e-08,0.2828325278419836,1.120553131147067e-06,20,1,0.12518628912071536
405,3236,5.7474688398415794e-08,0.2828523395909218,2.6905743589087402e-06,20,1,0.12518628912071536
139,2762,5.939033307383907e-08,0.2828523395909218,3.7866986431785473e-06,21,1,0.12518628912071536
207,2868,5.538917466188174e-08,0.2828523395909218,5.311738316547839e-06,21,1,0.12518628912071536
277,3032,5.8247171469369004e-08,0.2828721541155867,1.332839266265654e-06,22,1,0.12518628912071536
532,3431,8.097253071001696e-08,0.2828919714165616,7.006494983828446e-06,22,1,0.12518628912071536
171,2812,6.026772688380955e-08,0.28293161434977576,1.0440582884472885e-05,23,1,0.12518628912071536
303,3075,5.740519555595778e-08,0.2828919714165616,5.232912738252125e-06,23,1,0.12518628912071536
98,2686,5.9548969410129634e-08,0.28291179149443,3.3932554500176765e-06,24,1,0.12518628912071536
108,2702,5.6831609506680445e-08,0.28291179149443,5.135825124297284e-06,24,1,0.12518628912071536
253,2984,6.255615864638405e-08,0.28291179149443,3.6949607086105096e-06,24,1,0.12518628912071536
470,3337,5.988709408483158e-08,0.28291179149443,2.8395889278760396e-06,24,1,0.12518628912071536
399,3221,8.202288163346387e-08,0.2829514399831827,7.621301082122804e-06,26,1,0.12518628912071536
332,3124,8.36420125935579e-08,0.28303077030910495,1.1300856067980235e-05,27,1,0.12518628912071536
152,2784,6.172879600601291e-08,0.28299109958651625,9.130204718313894e-06,28,1,0.12518628912071536
188,2841,6.125459617251313e-08,0.28305060984158137,1.3637981666629006e-05,29,1,0.12518628912071536
190,2843,6.146729713208876e-08,0.2830109335576114,2.6941490897086844e-06,29,1,0.12518628912071536
191,2844,6.47251805561061e-08,0.2830109335576114,6.8541883562281475e-06,29,1,0.12518628912071536
101,2690,6.348996066912973e-08,0.28305060984158137,1.2804410047813468e-05,30,1,0.12518628912071536
184,2832,6.08414247772889e-08,0.28303077030910495,8.520404822335894e-06,30,1,0.12518628912071536
186,2836,6.253088165718917e-08,0.28305060984158137,1.2667806090944307e-05,30,1,0.12518628912071536
24,3248,3.7268982109100937e-07,0.28644392423919984,9.722192129310682e-05,31,1,0.12518628912071536
420,3259,6.544254343968281e-08,0.28305060984158137,8.510568143147979e-06,31,1,0.12518628912071536
424,3264,6.254165867648827e-08,0.28305060984158137,3.033498821778694e-06,31,1,0.12518628912071536
473,3341,6.27540714183562e-08,0.28305060984158137,9.573108980593656e-06,31,1,0.12518628912071536
115,2715,6.09240432174787e-08,0.28307045215562565,1.0282477366485671e-05,32,1,0.12518628912071536
418,3255,6.341284279924694e-08,0.28307045215562565,8.967603795964816e-06,32,1,0.12518628912071536
151,2783,6.537571382414524e-08,0.2830902972518228,8.51786161112594e-06,33,1,0.12518628912071536
372,3187,6.384701989786288e-08,0.2831101451307579,7.9634490167823e-06,34,1,0.12518628912071536
44,3331,1.6182830081633485e-07,0.2837268128161889,4.144916600883738e-05,35,1,0.12518628912071536
117,2718,9.78067893666674e-08,0.2831697054698457,1.2557224209470534e-05,37,1,0.12518628912071536
94,2675,6.563407006375365e-08,0.2831895644855881,7.789919454428316e-06,38,1,0.12518628912071536
511,3395,6.942563111052595e-08,0.2831895644855881,1.0017152070638728e-05,38,1,0.12518628912071536
82,3097,1.0096284000334466e-07,0.2835873305709671,3.624734999284404e-05,39,1,0.12518628912071536
206,2865,7.388530942961499e-08,0.28320942628699675,1.540909612850205e-05,39,1,0.12518628912071536
398,3219,7.00701501963263e-08,0.28320942628699675,9.025466188163093e-06,39,1,0.12518628912071536
226,2921,7.252568109798908e-08,0.28322929087465804,1.3929916916211638e-05,40,1,0.12518628912071536
231,2932,6.957617501950471e-08,0.28322929087465804,8.61862420297827e-06,40,1,0.12518628912071536
379,3196,7.114949793926961e-08,0.28322929087465804,1.2611672974060925e-05,40,1,0.12518628912071536
209,2871,6.925870082818954e-08,0.2832690284110838,1.1733847945729499e-05,42,1,0.12518628912071536
494,3369,6.76226308121233e-08,0.2832889013610215,1.5405613832809312e-05,43,1,0.12518628912071536
244,2955,7.205923174232471e-08,0.283308777099558,1.4264779994275546e-05,44,1,0.12518628912071536
138,2758,7.501267814723403e-08,0.2833485369447758,1.8694406692625927e-05,46,1,0.12518628912071536
491,3365,6.955944973629604e-08,0.2833485369447758,2.199783062525908e-05,46,1,0.12518628912071536
154,2787,7.593631170844536e-08,0.2834081976417743,2.0522617920530933e-05,48,1,0.12518628912071536
241,2950,8.019322029579267e-08,0.2833883079514352,1.7263561870718006e-05,48,1,0.12518628912071536
88,2665,8.147246222552571e-08,0.2834280901242367,2.09244702802471e-05,50,1,0.12518628912071536
321,3107,7.65868680602061e-08,0.28344798539941035,3.1564096976173705e-05,50,1,0.12518628912071536
463,3327,7.169857449540257e-08,0.2834280901242367,3.5752954125263185e-05,50,1,0.12518628912071536
310,3087,7.482138048041637e-08,0.28344798539941035,2.2747549926532562e-05,51,1,0.12518628912071536
416,3253,8.2217458316761e-08,0.28344798539941035,2.2720529775420357e-05,51,1,0.12518628912071536
75,3385,3.957638515950661e-07,0.28699360341151386,0.0001657622145174652,53,1,0.12518628912071536
20,3136,1.0151131829326837e-07,0.2837268128161889,4.462544922876437e-05,62,1,0.12518628912071536
393,3214,8.0326390207589e-08,0.28368694674722494,4.8599005810539834e-05,62,1,0.12518628912071536
419,3256,8.063596914583822e-08,0.28368694674722494,4.934370081359643e-05,63,1,0.12518628912071536
274,3027,8.434858050092059e-08,0.28374675005270183,3.8009071799600934e-05,65,1,0.12518628912071536
381,3198,1.0002044608597567e-07,0.2841460840194216,4.958771521563127e-05,86,1,0.12518628912071536
125,2730,1.0177093611872208e-07,0.2842060810810811,9.906933681043516e-05,89,1,0.12518628912071536
189,2842,4.600463966989185e-08,0.2824566312255176,0.0,1,2,0.07058691504881608
276,3031,4.600463966989185e-08,0.2824566312255176,0.0,1,2,0.07058691504881608
300,3071,4.600463966989185e-08,0.2824566312255176,0.0,1,2,0.07058691504881608
370,3183,4.600463966989185e-08,0.2824566312255176,0.0,1,2,0.07058691504881608
403,3230,4.600463966989185e-08,0.2824566312255176,0.0,1,2,0.07058691504881608
155,2788,4.631115423402954e-08,0.2824763903462749,0.0,2,2,0.07058691504881608
200,2857,4.632363540849416e-08,0.2824763903462749,0.0,2,2,0.07058691504881608
263,3006,4.675777425332374e-08,0.2824763903462749,0.0,2,2,0.07058691504881608
333,3125,4.658182600215564e-08,0.2824763903462749,0.0,2,2,0.07058691504881608
427,3268,4.630493970208765e-08,0.2824763903462749,0.0,2,2,0.07058691504881608
439,3282,4.6674326430898455e-08,0.2824763903462749,0.0,2,2,0.07058691504881608
519,3407,4.630493970208765e-08,0.2824763903462749,0.0,2,2,0.07058691504881608
520,3408,4.642068182949726e-08,0.2824763903462749,0.0,2,2,0.07058691504881608
50,2971,7.944811350679056e-08,0.2827929126689544,1.586235221542507e-07,3,2,0.07058691504881608
102,2691,4.660923281237461e-08,0.2824961522317056,0.0,3,2,0.07058691504881608
114,2714,4.885927626462177e-08,0.2824961522317056,6.134440182644368e-08,3,2,0.07058691504881608
158,2792,4.660923281237461e-08,0.2824961522317056,0.0,3,2,0.07058691504881608
169,2808,4.688739994788358e-08,0.2824961522317056,0.0,3,2,0.07058691504881608
227,2922,4.66434000454714e-08,0.2824961522317056,0.0,3,2,0.07058691504881608
250,2975,4.6659829469203814e-08,0.2824961522317056,6.134440182644368e-08,3,2,0.07058691504881608
279,3037,4.660923281237461e-08,0.2824961522317056,0.0,3,2,0.07058691504881608
500,3375,4.894881374562174e-08,0.2824961522317056,3.067220091322184e-08,3,2,0.07058691504881608
198,2855,4.780375430423291e-08,0.28251591688239,0.0,4,2,0.07058691504881608
330,3121,4.7199681572003785e-08,0.28251591688239,1.2268880365288735e-07,4,2,0.07058691504881608
3,1140,3.093207781757669e-06,0.3162346307463388,8.090506284198164e-07,5,2,0.07058691504881608
173,2817,4.7238333815706816e-08,0.28253568429890846,0.0,5,2,0.07058691504881608
347,3147,4.7238333815706816e-08,0.28253568429890846,0.0,5,2,0.07058691504881608
429,3271,4.725162145701527e-08,0.28253568429890846,1.8403320547933104e-07,5,2,0.07058691504881608
454,3310,4.976351637271136e-08,0.28253568429890846,3.067220091322184e-08,5,2,0.07058691504881608
32,2752,1.4000005242317526e-07,0.2831498492391838,3.6246795974147097e-06,6,2,0.07058691504881608
145,2774,4.754276244519693e-08,0.2825554544818417,2.4537760730577472e-08,6,2,0.07058691504881608
146,2776,4.7583805759424024e-08,0.2825554544818417,1.0973831882286035e-07,6,2,0.07058691504881608
290,3055,4.754276244519693e-08,0.2825554544818417,2.4537760730577472e-08,6,2,0.07058691504881608
302,3074,4.754276244519693e-08,0.2825554544818417,2.4537760730577472e-08,6,2,0.07058691504881608
335,3127,4.754276244519693e-08,0.2825554544818417,2.4537760730577472e-08,6,2,0.07058691504881608
358,3161,5.4594419816475145e-08,0.2825554544818417,3.8559338290907455e-07,6,2,0.07058691504881608
396,3217,4.86313172627403e-08,0.2825554544818417,1.9109268029269163e-07,6,2,0.07058691504881608
533,3432,7.412483838354506e-08,0.2828523395909218,1.7212431110231119e-06,6,2,0.07058691504881608
66,3165,1.0647992850717392e-07,0.2833286556272804,1.4089486065093564e-06,7,2,0.07058691504881608
168,2805,4.843842461032346e-08,0.28259500314927566,8.097461041090565e-07,7,2,0.07058691504881608
222,2902,4.788285503078842e-08,0.2825752274317705,0.0,7,2,0.07058691504881608
395,3216,4.791053248822723e-08,0.2825752274317705,3.557975305933733e-07,7,2,0.07058691504881608
469,3336,4.7970038324657694e-08,0.2825752274317705,0.0,7,2,0.07058691504881608
497,3372,4.788285503078842e-08,0.2825752274317705,0.0,7,2,0.07058691504881608
59,2725,9.628822830257552e-08,0.2832690284110838,3.693686772312014e-06,8,2,0.07058691504881608
76,2903,7.707041597789117e-08,0.2827929126689544,7.287369708746122e-07,8,2,0.07058691504881608
126,2732,4.819148786691635e-08,0.28259500314927566,1.7526971950412477e-08,8,2,0.07058691504881608
163,2799,4.822850615316311e-08,0.28259500314927566,1.363208929476526e-08,8,2,0.07058691504881608
230,2930,4.819148786691635e-08,0.28259500314927566,1.7526971950412477e-08,8,2,0.07058691504881608
334,3126,4.8301642283504247e-08,0.28259500314927566,1.7526971950412477e-08,8,2,0.07058691504881608
337,3131,4.819148786691635e-08,0.28259500314927566,1.7526971950412477e-08,8,2,0.07058691504881608
367,3180,4.819148786691635e-08,0.28259500314927566,1.7526971950412477e-08,8,2,0.07058691504881608
368,3181,4.819148786691635e-08,0.28259500314927566,1.7526971950412477e-08,8,2,0.07058691504881608
425,3266,5.422115911265803e-08,0.28259500314927566,1.533610045661092e-08,8,2,0.07058691504881608
460,3322,4.8301642283504247e-08,0.28259500314927566,1.7526971950412477e-08,8,2,0.07058691504881608
514,3398,5.3816526463328934e-08,0.28259500314927566,5.5502077842972845e-08,8,2,0.07058691504881608
12,2678,1.246666318974803e-07,0.28322929087465804,4.541194468486871e-07,9,2,0.07058691504881608
30,2826,3.801952890150695e-07,0.2855930405262041,1.000014848622165e-05,9,2,0.07058691504881608
156,2790,5.0678382190640436e-08,0.2826147816349384,6.513261780936237e-07,9,2,0.07058691504881608
218,2895,5.057056651125751e-08,0.2826147816349384,5.959657323472199e-07,9,2,0.07058691504881608
331,3122,4.854543353616928e-08,0.2826147816349384,2.896818975137618e-08,9,2,0.07058691504881608
397,3218,4.854543353616928e-08,0.2826147816349384,2.896818975137618e-08,9,2,0.07058691504881608
414,3251,4.851323855807265e-08,0.2826147816349384,4.4693778473551816e-07,9,2,0.07058691504881608
453,3308,5.4605440204759355e-08,0.2826147816349384,7.375934029131916e-08,9,2,0.07058691504881608
485,3354,4.854543353616928e-08,0.2826147816349384,2.896818975137618e-08,9,2,0.07058691504881608
493,3368,5.1062359213829685e-08,0.2826147816349384,5.52099616437993e-08,9,2,0.07058691504881608
11,1758,3.7128135546981988e-06,0.341826800981969,0.001307399518984735,10,2,0.07058691504881608
21,3164,1.5199066256376707e-07,0.2834678834678835,2.6092945634906583e-06,10,2,0.07058691504881608
214,2882,5.293938610301241e-08,0.28263456288933997,1.1554656258309428e-06,10,2,0.07058691504881608
215,2886,4.9280233032519885e-08,0.28263456288933997,2.9766640695783865e-07,10,2,0.07058691504881608
289,3053,4.885425125079978e-08,0.28263456288933997,1.5779143358690793e-07,10,2,0.07058691504881608
308,3083,5.1475685014217686e-08,0.28263456288933997,2.6275852115660044e-07,10,2,0.07058691504881608
336,3128,4.930822167809238e-08,0.28263456288933997,1.831568568818104e-07,10,2,0.07058691504881608
13,2760,1.043125054143431e-07,0.2831895644855881,2.6377405795452153e-06,11,2,0.07058691504881608
16,2941,1.0104328206673484e-07,0.2828919714165616,1.8011488353281533e-06,11,2,0.07058691504881608
100,2688,5.8006074882821585e-08,0.28265434691306174,1.5003087989553083e-06,11,2,0.07058691504881608
204,2861,4.9143701833122907e-08,0.28265434691306174,5.981079178078258e-07,11,2,0.07058691504881608
266,3012,5.175109259723628e-08,0.28265434691306174,2.577925457706502e-07,11,2,0.07058691504881608
294,3063,5.1767793421644386e-08,0.28265434691306174,1.3116017342892005e-07,11,2,0.07058691504881608
319,3105,4.9882704907964324e-08,0.2826741337066853,1.8536233418557063e-06,11,2,0.07058691504881608
343,3141,4.915456235897831e-08,0.28265434691306174,5.289250646368921e-07,11,2,0.07058691504881608
353,3155,5.23098199260141e-08,0.2826741337066853,1.1036150004776392e-06,11,2,0.07058691504881608
383,3200,4.9152717827053666e-08,0.28265434691306174,7.098910500249009e-07,11,2,0.07058691504881608
97,2685,5.690295485890833e-08,0.2826741337066853,9.172164869149821e-07,12,2,0.07058691504881608
234,2935,5.2656436881123216e-08,0.2826741337066853,6.410489990863365e-07,12,2,0.07058691504881608
275,3028,4.997929117852242e-08,0.2826741337066853,1.2422241369854848e-06,12,2,0.07058691504881608
417,3254,5.216573858226878e-08,0.2826741337066853,1.5831472206344437e-06,12,2,0.07058691504881608
10,1726,3.1304494613629484e-06,0.34165327015821984,0.000867683228187556,13,2,0.07058691504881608
17,2968,4.1275968370330804e-07,0.28664726343437213,1.9767991497023365e-05,13,2,0.07058691504881608
232,2933,5.351663254323149e-08,0.28271371560596514,1.0256199752983033e-06,13,2,0.07058691504881608
245,2957,5.953744161312258e-08,0.28271371560596514,2.4131719213726243e-06,13,2,0.07058691504881608
260,2997,5.3071222782069164e-08,0.28271371560596514,1.6370191801685255e-06,13,2,0.07058691504881608
518,3405,5.777467641070543e-08,0.2826939232707925,1.7851752051857243e-06,13,2,0.07058691504881608
14,2822,4.0709427197520604e-07,0.28628146047500885,8.049632523447418e-06,14,2,0.07058691504881608
23,3245,7.190465185774725e-07,0.28674904132935664,1.9488053261981282e-05,14,2,0.07058691504881608
28,3361,4.002710279513617e-07,0.28628146047500885,1.3241347179355118e-05,14,2,0.07058691504881608
29,2677,3.7386426701267554e-07,0.2853508585965656,2.2464755552725047e-05,14,2,0.07058691504881608
293,3061,5.760492435840804e-08,0.28271371560596514,1.3364802972521473e-06,14,2,0.07058691504881608
295,3066,5.084992106561789e-08,0.28271371560596514,1.1472863722540833e-06,14,2,0.07058691504881608
475,3343,5.560067457773962e-08,0.28271371560596514,2.5605445438556767e-06,14,2,0.07058691504881608
15,2883,7.238045173015424e-07,0.2869528140989198,3.0188677646997983e-05,15,2,0.07058691504881608
22,3222,6.972404519959849e-07,0.28646424517593644,1.375530936235471e-05,15,2,0.07058691504881608
67,3205,1.1903858042241477e-07,0.2834280901242367,1.1987965353216283e-05,15,2,0.07058691504881608
174,2818,5.4277901107725177e-08,0.2827533085918353,4.161135896716035e-06,15,2,0.07058691504881608
4,1450,3.3030264547776694e-06,0.3417110941863417,0.0006681437081602247,16,2,0.07058691504881608
7,1642,3.1951107218866613e-06,0.3418557399254995,0.0016822538161000364,16,2,0.07058691504881608
70,3409,8.290556725399103e-08,0.2832690284110838,9.520072885090851e-06,16,2,0.07058691504881608
228,2923,6.191146156898546e-08,0.2827533085918353,3.713728332183426e-06,16,2,0.07058691504881608
472,3340,6.873267273784427e-08,0.2827533085918353,3.0842315449411677e-06,16,2,0.07058691504881608
8,1656,4.397082439771414e-06,0.3420294765373539,0.0015051675904993636,17,2,0.07058691504881608
19,3057,1.364756345468126e-07,0.28322929087465804,6.948906472275646e-06,17,2,0.07058691504881608
252,2983,5.40492184820571e-08,0.2827731092436975,1.4938822425734902e-06,17,2,0.07058691504881608
62,2964,1.170522064390592e-07,0.28354750368653886,1.666794620819531e-05,18,2,0.07058691504881608
71,2693,3.8220237394584474e-07,0.28632205913635395,3.296894405619292e-05,18,2,0.07058691504881608
72,2979,3.8315582764034124e-07,0.2864236061852745,3.433833640807239e-05,18,2,0.07058691504881608
26,3278,7.630169282060457e-07,0.2870752168349211,1.9376519836993037e-05,19,2,0.07058691504881608
240,2949,5.685056381739175e-08,0.2828325278419836,4.053988612130407e-06,20,2,0.07058691504881608
434,3276,5.562412098908874e-08,0.2828325278419836,4.426207685410664e-06,20,2,0.07058691504881608
195,2848,5.6076749274678586e-08,0.2828523395909218,6.0307510701400185e-06,21,2,0.07058691504881608
6,1534,4.7728689289126334e-05,0.36460496613995486,0.005948477022332591,22,2,0.07058691504881608
9,1666,4.693165796743494e-05,0.3647037572254335,0.006174767405889478,22,2,0.07058691504881608
2,990,2.6988180627954025e-06,0.34188468376936754,0.0011124903175892846,24,2,0.07058691504881608
61,2764,4.810732436527372e-07,0.28727945361411494,3.770398827319215e-05,25,2,0.07058691504881608
306,3081,6.41440750810687e-08,0.28293161434977576,8.974061687835677e-06,25,2,0.07058691504881608
49,2813,1.2374645564659463e-07,0.2834678834678835,2.5929473257388785e-05,26,2,0.07058691504881608
60,2734,8.674015137879082e-08,0.2834678834678835,2.3374920865341802e-05,26,2,0.07058691504881608
141,2768,6.766011706885012e-08,0.28299109958651625,6.697431939534429e-06,28,2,0.07058691504881608
78,2999,1.0137974752571107e-07,0.28322929087465804,1.9702327106669065e-05,30,2,0.07058691504881608
5,1505,3.908895414242598e-06,0.34275528393175453,0.0037819722655048024,33,2,0.07058691504881608
63,3020,3.942942245714863e-07,0.2870752168349211,0.0001185341810910755,36,2,0.07058691504881608
301,3072,8.060699470588215e-08,0.2833485369447758,3.105148127974415e-05,46,2,0.07058691504881608
25,3263,7.951158647156709e-07,0.28779131922172335,0.0002959454135154537,57,2,0.07058691504881608
449,3302,9.77739758958052e-08,0.2837666900913563,6.246532257979857e-05,65,2,0.07058691504881608
0,1684,7.1642597901192735e-06,0.39360561458231796,0.3377974497301992,533,2,0.07058691504881608
268,3015,5.025690510942307e-08,0.28263456288933997,1.0310812023974969e-06,10,3,0.4124293785310734
492,3367,5.200450092288719e-08,0.28265434691306174,3.718136757791052e-08,11,3,0.4124293785310734
324,3112,5.266378268667859e-08,0.2826741337066853,9.541294099038792e-08,12,3,0.4124293785310734
438,3281,5.232340597179498e-08,0.2826741337066853,5.869590652394536e-08,12,3,0.4124293785310734
83,2707,3.468215690038986e-07,0.286159733541209,2.7334828982299316e-05,15,3,0.4124293785310734
247,2965,5.571009538453873e-08,0.2827731092436975,2.4330543651179705e-06,17,3,0.4124293785310734
27,3328,7.120243313888168e-08,0.2828523395909218,5.835819389484065e-06,18,3,0.4124293785310734
281,3039,6.015188088624696e-08,0.2828721541155867,3.931906251824525e-07,22,3,0.4124293785310734
382,3199,6.197586119238181e-08,0.2828721541155867,2.5345772249661137e-06,22,3,0.4124293785310734
127,2733,6.24855955920307e-08,0.28291179149443,1.305406471332382e-06,24,3,0.4124293785310734
423,3262,6.153903326724085e-08,0.28291179149443,3.8261390917197453e-07,24,3,0.4124293785310734
361,3170,6.359369313127146e-08,0.28293161434977576,1.5819024302282305e-06,25,3,0.4124293785310734
107,2701,6.351188465598776e-08,0.2829514399831827,3.8469971413734646e-07,26,3,0.4124293785310734
192,2845,7.00505905758357e-08,0.2829514399831827,3.4400672341447616e-06,26,3,0.4124293785310734
162,2797,6.363761953710126e-08,0.28297126839523473,1.5917414526128336e-06,27,3,0.4124293785310734
96,2684,6.545267711237745e-08,0.28299109958651625,1.850650661738785e-06,28,3,0.4124293785310734
402,3225,6.527793495063186e-08,0.28299109958651625,4.837518553105543e-06,28,3,0.4124293785310734
357,3160,6.667772655412145e-08,0.28303077030910495,3.561864399410079e-06,30,3,0.4124293785310734
502,3377,6.545101064669689e-08,0.28305060984158137,3.681886818980981e-06,31,3,0.4124293785310734
187,2840,6.612008421604412e-08,0.2830902972518228,6.218745104527919e-06,33,3,0.4124293785310734
109,2708,7.0938412679227e-08,0.2831101451307579,1.8967320909430197e-06,34,3,0.4124293785310734
92,2672,7.009648514881004e-08,0.2831697054698457,3.8024363910355963e-06,37,3,0.4124293785310734
177,2823,7.095321369701761e-08,0.2831895644855881,2.2098857376381547e-06,38,3,0.4124293785310734
65,3079,9.790303922859927e-08,0.2837268128161889,2.0924232085620855e-05,39,3,0.4124293785310734
527,3422,7.113441733581549e-08,0.28322929087465804,6.504943639559945e-06,40,3,0.4124293785310734
55,2976,1.2296800434601275e-07,0.28384647827920706,3.2639458688418543e-05,41,3,0.4124293785310734
18,3005,1.1875599021285827e-07,0.2838265270260772,4.0216243490435716e-05,42,3,0.4124293785310734
56,3011,1.3276737772270111e-07,0.2838664323374341,3.9994890817851664e-05,42,3,0.4124293785310734
246,2958,7.564227115430104e-08,0.2832690284110838,1.9047958749637534e-05,42,3,0.4124293785310734
430,3272,7.137515528495821e-08,0.283308777099558,1.1460677080164537e-05,44,3,0.4124293785310734
213,2881,7.585555659678236e-08,0.2833286556272804,2.280311083363331e-05,45,3,0.4124293785310734
447,3298,7.409416316554549e-08,0.2833286556272804,1.0029009431550635e-05,45,3,0.4124293785310734
68,3258,3.992595238352639e-07,0.28727945361411494,0.0001378878151107671,47,3,0.4124293785310734
441,3287,8.026449408961585e-08,0.2833883079514352,1.2827539877765754e-05,48,3,0.4124293785310734
69,3386,1.0938184397627487e-07,0.283986215626978,3.672503556005427e-05,52,3,0.4124293785310734
84,3111,3.68420100422016e-07,0.2869120363791388,0.0001471284164772181,52,3,0.4124293785310734
210,2875,8.55224731647446e-08,0.2834678834678835,1.0384120251248513e-05,52,3,0.4124293785310734
517,3403,8.823279969969901e-08,0.2834678834678835,1.9719433362676154e-05,52,3,0.4124293785310734
422,3261,8.257843051319215e-08,0.28350768798708137,9.82003444891823e-06,54,3,0.4124293785310734
161,2796,8.935133047099703e-08,0.2836271686450797,8.073777669654962e-06,60,3,0.4124293785310734
235,2936,8.578677014102146e-08,0.2836271686450797,1.6384391283631643e-05,60,3,0.4124293785310734
503,3378,8.607290736598656e-08,0.2836271686450797,9.787307056886878e-06,60,3,0.4124293785310734
217,2894,1.086784218554812e-07,0.2836470918797415,1.7608820769992178e-05,61,3,0.4124293785310734
432,3274,8.595407932286525e-08,0.28368694674722494,3.9436704526041964e-05,61,3,0.4124293785310734
466,3332,8.935590159057887e-08,0.2836670179135933,9.414014644783434e-06,62,3,0.4124293785310734
484,3353,8.693108208816257e-08,0.2836670179135933,2.7946602395381695e-05,62,3,0.4124293785310734
521,3411,8.731660921152887e-08,0.2836670179135933,2.6371787948931168e-05,62,3,0.4124293785310734
236,2937,9.189576125783394e-08,0.28368694674722494,1.045339039485738e-05,63,3,0.4124293785310734
57,3179,1.3941757099153633e-07,0.2840261658577759,4.554896958349748e-05,68,3,0.4124293785310734
369,3182,9.576415914334617e-08,0.283786632932743,1.3634284124766393e-05,68,3,0.4124293785310734
345,3145,9.98762320371853e-08,0.2838065785774529,1.7279644572585992e-05,69,3,0.4124293785310734
270,3017,9.396953835548533e-08,0.2838265270260772,3.202102393866421e-05,70,3,0.4124293785310734
363,3172,9.517455373689191e-08,0.2838664323374341,1.5229874725986705e-05,72,3,0.4124293785310734
512,3396,9.962648231065072e-08,0.28394627663314814,2.4164025353732037e-05,76,3,0.4124293785310734
292,3060,1.0185387502368611e-07,0.283986215626978,2.1591302961222292e-05,78,3,0.4124293785310734
371,3185,1.0666560682153823e-07,0.2840261658577759,3.401343009928774e-05,80,3,0.4124293785310734
481,3350,1.091391453494086e-07,0.2840661273302849,2.974195980057012e-05,82,3,0.4124293785310734
304,3076,1.052795590941313e-07,0.2841460840194216,3.4024317725345794e-05,86,3,0.4124293785310734
118,2719,1.1998552018944657e-07,0.2844262872437839,3.2487074838205744e-05,100,3,0.4124293785310734
458,3320,1.2678171506502307e-07,0.2846869712351946,6.156881040840766e-05,113,3,0.4124293785310734
203,2860,4.8849671302202914e-08,0.2824961522317056,0.0,3,4,0.2454212454212454
103,2692,4.964582906068882e-08,0.28253568429890846,1.8403320547933102e-08,5,4,0.2454212454212454
91,2671,4.8560592496191566e-08,0.2825554544818417,0.0,6,4,0.2454212454212454
120,2721,4.8560592496191566e-08,0.2825554544818417,0.0,6,4,0.2454212454212454
178,2824,4.8560592496191566e-08,0.2825554544818417,0.0,6,4,0.2454212454212454
313,3091,4.8560592496191566e-08,0.2825554544818417,0.0,6,4,0.2454212454212454
495,3370,5.088247495704256e-08,0.2825554544818417,4.52337508417211e-08,6,4,0.2454212454212454
356,3159,5.1198042252149214e-08,0.2825752274317705,3.8033529132395087e-07,7,4,0.2454212454212454
467,3334,5.2881175354109543e-08,0.2826147816349384,6.738146994269686e-08,9,4,0.2454212454212454
339,3133,5.5090737704232264e-08,0.28263456288933997,4.716216035656824e-07,10,4,0.2454212454212454
220,2900,5.490915971652597e-08,0.28265434691306174,8.118396035364669e-08,11,4,0.2454212454212454
444,3292,5.1895259895284803e-08,0.2826741337066853,1.7407735429113457e-06,12,4,0.2454212454212454
255,2990,5.2776032840075636e-08,0.2826939232707925,3.9150117568831507e-07,13,4,0.2454212454212454
176,2820,5.432845092746504e-08,0.2827335107127853,1.8336266602213723e-06,14,4,0.2454212454212454
273,3024,5.522592743010317e-08,0.28271371560596514,1.8044528724856262e-06,14,4,0.2454212454212454
390,3210,7.804057826568276e-08,0.28271371560596514,1.3729414771650992e-06,14,4,0.2454212454212454
410,3244,5.386294635324701e-08,0.28271371560596514,1.1470606461001769e-06,14,4,0.2454212454212454
411,3246,5.4813774047408776e-08,0.28271371560596514,1.109072262198563e-06,14,4,0.2454212454212454
53,3410,8.356909074481171e-08,0.28303077030910495,5.117136654367739e-06,15,4,0.2454212454212454
258,2995,5.6280219567007996e-08,0.2827335107127853,2.3091724170121385e-06,15,4,0.2454212454212454
496,3371,5.3437457410298624e-08,0.2827335107127853,1.7478354009571013e-07,15,4,0.2454212454212454
95,2682,6.134594225846488e-08,0.2827533085918353,9.263657735226123e-07,16,4,0.2454212454212454
105,2697,5.609255374927728e-08,0.2827533085918353,1.917065669112578e-06,16,4,0.2454212454212454
297,3068,5.8169201264056537e-08,0.2827533085918353,8.98473720711456e-07,16,4,0.2454212454212454
298,3069,5.8735263070230967e-08,0.2827533085918353,1.990669866350748e-06,16,4,0.2454212454212454
239,2947,6.372233244187359e-08,0.2827731092436975,4.5412749389985706e-07,17,4,0.2454212454212454
498,3373,5.8426331043743434e-08,0.2827731092436975,3.4930465995603936e-06,17,4,0.2454212454212454
36,2962,1.466602847238414e-07,0.2833883079514352,1.3466332467661343e-05,18,4,0.2454212454212454
489,3359,5.915802594029714e-08,0.2827929126689544,1.7349851120234447e-06,18,4,0.2454212454212454
104,2696,5.912056952216685e-08,0.2828127188681888,3.7400083485787043e-06,19,4,0.2454212454212454
148,2779,5.951069917237941e-08,0.2828127188681888,4.609519425772612e-07,19,4,0.2454212454212454
408,3241,5.520597510093428e-08,0.2828127188681888,5.716281134151428e-07,19,4,0.2454212454212454
233,2934,6.142624530249133e-08,0.2828325278419836,3.6340516588048607e-06,20,4,0.2454212454212454
318,3103,5.8448030338726674e-08,0.2828325278419836,2.210048854184948e-06,20,4,0.2454212454212454
486,3356,6.134636809884005e-08,0.2828325278419836,6.155617352751611e-07,20,4,0.2454212454212454
130,2737,6.286837958875899e-08,0.2828523395909218,2.8992401676001184e-06,21,4,0.2454212454212454
54,3420,8.930365006955221e-08,0.2831697054698457,9.592513808623383e-06,22,4,0.2454212454212454
182,2830,6.219527623840029e-08,0.2828721541155867,1.6932136695840805e-06,22,4,0.2454212454212454
208,2870,5.976701660094878e-08,0.2828721541155867,4.394790730829237e-06,22,4,0.2454212454212454
85,3186,3.520900512959017e-07,0.28632205913635395,5.5405352040195364e-05,23,4,0.2454212454212454
400,3223,6.474747921789442e-08,0.2828919714165616,4.307747172316009e-06,23,4,0.2454212454212454
264,3007,6.228632745929486e-08,0.28291179149443,3.999067997700967e-06,24,4,0.2454212454212454
504,3379,6.437055776903807e-08,0.28293161434977576,2.405169218070607e-06,25,4,0.2454212454212454
33,2775,1.5883881949942658e-07,0.28354750368653886,9.354962436830526e-06,26,4,0.2454212454212454
365,3176,6.458921181314483e-08,0.28297126839523473,4.997936512410267e-06,26,4,0.2454212454212454
431,3273,6.594530122956895e-08,0.2829514399831827,3.55389607535101e-06,26,4,0.2454212454212454
433,3275,6.25024164868754e-08,0.2830109335576114,1.2481287824960637e-05,27,4,0.2454212454212454
440,3285,6.293990129674533e-08,0.28297126839523473,2.6075291196979965e-06,27,4,0.2454212454212454
35,2892,1.5762476568605458e-07,0.2835873305709671,1.5676681221971275e-05,28,4,0.2454212454212454
181,2829,6.599495469853563e-08,0.28299109958651625,1.6235201938523196e-06,28,4,0.2454212454212454
522,3415,6.814809871241628e-08,0.2830109335576114,7.673486978157232e-06,29,4,0.2454212454212454
113,2713,6.375252588845844e-08,0.28305060984158137,6.9600357919127205e-06,30,4,0.2454212454212454
271,3018,7.21322921264405e-08,0.28303077030910495,7.424834830988114e-06,30,4,0.2454212454212454
111,2711,6.541056551838447e-08,0.28305060984158137,1.0631418422311273e-05,31,4,0.2454212454212454
131,2739,6.561405845511166e-08,0.28305060984158137,9.159254226463228e-06,31,4,0.2454212454212454
64,3062,1.0070760978104171e-07,0.2835873305709671,2.195734116907597e-05,32,4,0.2454212454212454
39,3100,4.5335847984409773e-07,0.2871364573704046,9.328245765053627e-05,33,4,0.2454212454212454
37,3001,1.6408712086900135e-07,0.2837068783812267,2.2470353392781265e-05,34,4,0.2454212454212454
478,3346,7.312686191264038e-08,0.2831299957930164,1.0883126252364497e-05,35,4,0.2454212454212454
87,2662,7.11023485911907e-08,0.2831697054698457,9.56546238920311e-06,37,4,0.2454212454212454
309,3086,7.526442905284826e-08,0.2831697054698457,6.766042812005746e-06,37,4,0.2454212454212454
124,2728,7.009672023434616e-08,0.2831895644855881,7.948448583962398e-06,38,4,0.2454212454212454
376,3191,7.579549038683549e-08,0.28322929087465804,1.0842893466262696e-05,40,4,0.2454212454212454
366,3177,7.442700209433863e-08,0.28324915824915825,1.4479572641625173e-05,41,4,0.2454212454212454
387,3207,7.334922951267106e-08,0.28324915824915825,7.19428497711454e-06,41,4,0.2454212454212454
48,3412,1.6580942110476558e-07,0.2839063488715461,2.6633840160449557e-05,44,4,0.2454212454212454
328,3118,8.507904081142975e-08,0.283308777099558,1.4201550863215498e-05,44,4,0.2454212454212454
43,3295,1.712730365369369e-07,0.28392631134861485,2.7637838109120807e-05,45,4,0.2454212454212454
41,3168,1.9672841712585291e-07,0.28446636139485737,5.113766772168882e-05,46,4,0.2454212454212454
305,3077,8.742513232562864e-08,0.2835275944389833,3.766893116152364e-05,55,4,0.2454212454212454
40,3162,1.7412104950890255e-07,0.2841460840194216,4.6194336999480525e-05,56,4,0.2454212454212454
45,3366,1.7849779274101335e-07,0.28424609320005634,5.3998640923055094e-05,61,4,0.2454212454212454
42,3233,1.7805287656301561e-07,0.2842661034846885,5.768045546127573e-05,62,4,0.2454212454212454
31,2724,1.8570504630017849e-07,0.28440625440202844,8.066020555711479e-05,69,4,0.2454212454212454
38,3019,2.108445959849326e-07,0.28490792351654554,0.00010782188300731468,69,4,0.2454212454212454
262,3002,1.0118458550565137e-07,0.2838664323374341,5.198475341455086e-05,72,4,0.2454212454212454
352,3154,1.0461775185554539e-07,0.28424609320005634,8.521519325444872e-05,91,4,0.2454212454212454
242,2951,1.1687319925291023e-07,0.28446636139485737,0.00011415230063833938,102,4,0.2454212454212454
121,2722,4.9111450205254036e-08,0.2824961522317056,0.0,3,5,0.5743859649122807
251,2980,5.080325387440166e-08,0.28253568429890846,0.0,5,5,0.5743859649122807
428,3270,5.1220958339089125e-08,0.2825554544818417,2.4537760730577472e-08,6,5,0.5743859649122807
315,3094,4.969941961654647e-08,0.2825752274317705,2.489208467095153e-08,7,5,0.5743859649122807
404,3235,5.0589204916057175e-08,0.28259500314927566,1.7716343831256014e-07,8,5,0.5743859649122807
165,2802,5.390854763829129e-08,0.28263456288933997,2.8886569083801295e-07,10,5,0.5743859649122807
269,3016,6.443976227845258e-08,0.2830109335576114,6.2506974020888044e-06,29,5,0.5743859649122807
348,3148,6.28407672930793e-08,0.28303077030910495,6.127203911868974e-06,30,5,0.5743859649122807
457,3316,7.366191894185247e-08,0.28320942628699675,2.7663649621152325e-06,39,5,0.5743859649122807
445,3296,7.325230428726996e-08,0.28324915824915825,1.1942580939556774e-05,40,5,0.5743859649122807
142,2770,7.627839352022175e-08,0.28324915824915825,5.527618193505139e-07,41,5,0.5743859649122807
112,2712,7.500953821134993e-08,0.283308777099558,4.7986025573962945e-06,44,5,0.5743859649122807
248,2970,7.798838931341903e-08,0.283308777099558,7.77238118947534e-07,44,5,0.5743859649122807
140,2765,7.898824279386488e-08,0.2833684210526316,2.142925497732279e-06,47,5,0.5743859649122807
385,3204,7.76669317770821e-08,0.2833684210526316,1.0081872064030633e-05,47,5,0.5743859649122807
74,3265,3.741265402360951e-07,0.28674904132935664,0.00011433106987103139,48,5,0.5743859649122807
442,3288,7.77642326153338e-08,0.2833883079514352,1.0748751933799605e-05,48,5,0.5743859649122807
317,3102,8.21758150524229e-08,0.2834081976417743,9.995384361197732e-07,49,5,0.5743859649122807
272,3021,8.4035566107534e-08,0.2834280901242367,1.5779760477858003e-06,50,5,0.5743859649122807
386,3206,8.06738884529872e-08,0.28344798539941035,3.7812783040537914e-06,51,5,0.5743859649122807
137,2753,8.516481194333474e-08,0.2834678834678835,5.889975244155671e-06,52,5,0.5743859649122807
509,3391,8.261553028189686e-08,0.2834877843302443,2.428450547991985e-06,53,5,0.5743859649122807
523,3416,8.541399182742533e-08,0.2834877843302443,3.259391677698772e-06,53,5,0.5743859649122807
81,3355,1.0351446997240104e-07,0.2837068783812267,1.900636585848613e-05,54,5,0.5743859649122807
506,3381,1.0779634756026413e-07,0.28350768798708137,3.869579694363926e-06,54,5,0.5743859649122807
254,2989,8.426641630013658e-08,0.2835873305709671,1.364022445211034e-05,58,5,0.5743859649122807
256,2991,9.187375772258092e-08,0.2836470918797415,3.7302192164122837e-06,61,5,0.5743859649122807
326,3115,8.862136434263424e-08,0.2836470918797415,1.325940147677376e-05,61,5,0.5743859649122807
346,3146,8.768989228922335e-08,0.2836470918797415,1.0481572252320017e-05,61,5,0.5743859649122807
360,3169,9.375544450443847e-08,0.2836470918797415,2.953856442613985e-06,61,5,0.5743859649122807
197,2853,9.153839837654822e-08,0.2836670179135933,5.347679348969312e-06,62,5,0.5743859649122807
299,3070,8.903442105914547e-08,0.2836670179135933,4.7847882919196214e-06,62,5,0.5743859649122807
320,3106,8.723375498669828e-08,0.2836670179135933,7.247649919998552e-06,62,5,0.5743859649122807
406,3239,9.204734800844632e-08,0.2836670179135933,4.279354879006685e-06,62,5,0.5743859649122807
446,3297,9.465082600626051e-08,0.28368694674722494,4.300547099279883e-06,63,5,0.5743859649122807
525,3419,9.16087178065553e-08,0.28368694674722494,1.0193216123942926e-05,63,5,0.5743859649122807
468,3335,1.1911119768456533e-07,0.2837268128161889,2.3154057587211325e-05,64,5,0.5743859649122807
150,2781,9.626877366016216e-08,0.28374675005270183,2.845995093047826e-05,66,5,0.5743859649122807
412,3247,9.176974227002347e-08,0.28374675005270183,3.8339766455618115e-06,66,5,0.5743859649122807
325,3113,9.510441101898706e-08,0.283786632932743,1.6014912625657726e-05,68,5,0.5743859649122807
34,2869,4.7430141682246873e-07,0.2878733870392814,0.00025790475902895713,69,5,0.5743859649122807
237,2939,9.64860446036365e-08,0.2838065785774529,7.414410059358732e-06,69,5,0.5743859649122807
93,2674,9.656805443109245e-08,0.2838265270260772,8.68608534567966e-06,70,5,0.5743859649122807
329,3120,9.407616946576394e-08,0.28384647827920706,7.533561283983019e-06,71,5,0.5743859649122807
435,3277,9.670150170352226e-08,0.28384647827920706,1.3543789500442861e-05,71,5,0.5743859649122807
257,2992,9.44786722472444e-08,0.2838664323374341,2.1153100911885655e-05,72,5,0.5743859649122807
426,3267,9.667069243944857e-08,0.2838664323374341,1.556744110423734e-05,72,5,0.5743859649122807
249,2973,9.439192605514019e-08,0.28388638920134984,1.3379145653375513e-05,73,5,0.5743859649122807
286,3049,1.005043713776626e-07,0.28394627663314814,1.5507179864394238e-05,75,5,0.5743859649122807
476,3344,9.608362615741014e-08,0.28394627663314814,1.3303627931792956e-05,76,5,0.5743859649122807
479,3347,1.0019368467864499e-07,0.28394627663314814,1.9146241054956455e-05,76,5,0.5743859649122807
221,2901,1.1608587039516182e-07,0.2839662447257384,3.7956333591064996e-05,77,5,0.5743859649122807
180,2828,1.0236694103809495e-07,0.283986215626978,1.0262961801425456e-05,78,5,0.5743859649122807
196,2849,1.0391084211035849e-07,0.28404614518852,1.019414284509517e-05,81,5,0.5743859649122807
185,2833,1.0715584779261244e-07,0.2840661273302849,1.4412387883429339e-05,82,5,0.5743859649122807
338,3132,1.0546331171824912e-07,0.2841061000492507,1.1106764911133531e-05,84,5,0.5743859649122807
482,3351,1.0502150562824116e-07,0.2841061000492507,1.4784752780209078e-05,84,5,0.5743859649122807
351,3152,1.0531365231071418e-07,0.2841260906276386,3.455949244607575e-05,85,5,0.5743859649122807
415,3252,1.0884300134299733e-07,0.2841460840194216,1.3762824559726133e-05,86,5,0.5743859649122807
349,3150,1.1121730670088602e-07,0.2842060810810811,3.632381957468386e-05,89,5,0.5743859649122807
278,3035,1.0777577331661024e-07,0.28422608573238545,2.6149946062177573e-05,90,5,0.5743859649122807
79,3201,1.3794163537349516e-07,0.28446636139485737,5.105169508250747e-05,92,5,0.5743859649122807
465,3330,1.0729379017499312e-07,0.2842861165868769,4.985714170687033e-05,93,5,0.5743859649122807
147,2778,1.1626633430224318e-07,0.28432615124630334,3.676887269467069e-05,95,5,0.5743859649122807
86,2661,1.1421706668465628e-07,0.28440625440202844,2.8147563918444096e-05,99,5,0.5743859649122807
159,2793,1.0953918113087353e-07,0.28440625440202844,3.12991831236821e-05,99,5,0.5743859649122807
288,3051,1.1753842121130154e-07,0.28444632290786137,5.442788698032851e-05,101,5,0.5743859649122807
205,2863,1.149492730587729e-07,0.28450644683999154,9.39314704476196e-05,102,5,0.5743859649122807
327,3116,1.170156214685551e-07,0.28448640270536846,3.811840889949336e-05,103,5,0.5743859649122807
437,3280,1.1693523639734334e-07,0.2845665961945032,6.30339778440045e-05,107,5,0.5743859649122807
534,3434,1.1774410642728091e-07,0.2845665961945032,3.369197131976529e-05,107,5,0.5743859649122807
513,3397,1.233927581909199e-07,0.28472711888309127,7.907224379332909e-05,115,5,0.5743859649122807
132,2742,1.241888215385797e-07,0.2847471969536704,4.685532907832323e-05,116,5,0.5743859649122807
307,3082,1.2380959021162032e-07,0.2847471969536704,4.739671072389198e-05,116,5,0.5743859649122807
443,3291,1.2043535955647697e-07,0.28480744815911974,7.755307788278451e-05,119,5,0.5743859649122807
73,3101,4.300302883839097e-07,0.288263849229012,0.0003573586110090837,122,5,0.5743859649122807
